Handling,CIVMID,ctb_ID,BadeaID,OldBadeaID,Specimens ID,Genotype,Sex,Lifestyle,Diet,Weight,DOB,Perfusion,Age_Months,Age_Imaging,Age_Years,Age_Handling,AgeExVivoMRI,Bruker_folder,ARunno,Second_Bruker_folder,Second_ARunno,SAMBA Brunno,DWI,GRE,T1,T2,Notes,Remark,Mn2Cl pump,fMRI,invivoDWI,Cardiac_ID,MicroCT_ID,Femur_Scan,Cohort_ID,NameGroup,Source,Cage#,GLP_1Start,GLP_1End,Age_End,Age_Months_current,Years,Days,Age_Months_Start,Ear_Marks,Group,Unnamed: 18,Unnamed: 19
190610_1,190610_1,,190610_1,190610_1,190610_1,APOE44,male,Sedentary,Control,30.7,4/3/2018,8/8/2019,16.2,16.0,1.35,,16.2,,A19061001,,,B49913,N57437,N57439,,,,,,,,,,,,original_2019_scans,In House,,,,,,,,,,,,
190610_10,190610_10,,190610_10,190610_10,190610_10,APOE44,female,Sedentary,Control,29.6,4/3/2018,8/8/2019,16.2,16.0,1.35,,16.2,,A19061010,,,B49901,N57522,N57523,111,26,,,,,,,,,,original_2019_scans,In House,,,,,,,,,,,,
190610_2,190610_2,,190610_2,190610_2,190610_2,APOE44,male,Sedentary,Control,32.1,4/3/2018,8/8/2019,16.2,16.0,1.35,,16.2,,A19061002,,,B49924,N57446,N57445,140,25,,,,,,,,,,original_2019_scans,In House,,,,,,,,,,,,
190610_3,190610_3,,190610_3,190610_3,190610_3,APOE44,male,Sedentary,Control,31.6,4/3/2018,8/8/2019,16.2,16.0,1.35,,16.2,,A19061003,,,B49935,N57449,N57450,115,26,,,,,,,,,,original_2019_scans,In House,,,,,,,,,,,,
190610_4,190610_4,,190610_4,190610_4,190610_4,APOE44,male,Sedentary,Control,30.6,4/3/2018,8/8/2019,16.2,16.0,1.35,,16.2,,A19061004,,,B49946,N57515,N57516,114,26,,,,,,,,,,original_2019_scans,In House,,,,,,,,,,,,
190610_5,190610_5,,190610_5,190610_5,190610_5,APOE44,male,Sedentary,Control,32.2,4/3/2018,8/8/2019,16.2,16.0,1.35,,16.2,,A19061005,,,B49957,N57520,N57521,111,26,,,,,,,,,,original_2019_scans,In House,,,,,,,,,,,,
190610_6,190610_6,,190610_6,190610_6,190610_6,APOE44,female,Sedentary,Control,25.6,4/3/2018,8/8/2019,16.2,16.0,1.35,,16.2,,A19061006,,,B49968,N57442,N57443,140,28,,,,,,,,,,original_2019_scans,In House,,,,,,,,,,,,
190610_7,190610_7,,190610_7,190610_7,190610_7,APOE44,female,Sedentary,Control,28.7,4/3/2018,8/8/2019,16.2,16.0,1.35,,16.2,,A19061007,,,B49978,N57447,N57448,115,26,,,,,,,,,,original_2019_scans,In House,,,,,,,,,,,,
190610_8,190610_8,,190610_8,190610_8,190610_8,APOE44,female,Sedentary,Control,25.7,4/3/2018,8/8/2019,16.2,16.0,1.35,,16.2,,A19061008,,,,N57451,N57517,117,28,,,,,,,,,,original_2019_scans,In House,,,,,,,,,,,,
190610_9,190610_9,,190610_9,190610_9,190610_9,APOE44,female,Sedentary,Control,24.6,4/3/2018,8/8/2019,16.2,16.0,1.35,,16.2,,A19061009,,,B49991,N57518,N57519,114,28,,,,,,,,,,original_2019_scans,In House,,,,,,,,,,,,
190715_1,190715_1,,190715_1,190715_1,190715_1,APOE33,male,Sedentary,Control,32.7,4/26/2018,9/12/2019,16.57,17.0,1.38,,16.57,,A19071501,,,B51315,N57546,N57547,113,26, ,,,,,,,,,original_2019_scans,In House,,,,,,,,,,,,
190715_10,190715_10,,190715_10,190715_10,190715_10,APOE22,male,Sedentary,Control,32.3,5/26/2018,9/12/2019,16.57,17.0,1.38,,16.57,,A19071510,,,B51902,N57513,N57514,112,24,,,,,,,,,,original_2019_scans,In House,,,,,,,,,,,,
190715_2,190715_2,,190715_2,190715_2,190715_2,APOE33,male,Sedentary,Control,36.9,4/26/2018,9/12/2019,16.57,17.0,1.38,,16.57,,A19071502,,,B51325,N57548,N57549,113,26, ,,,,,,,,,original_2019_scans,In House,,,,,,,,,,,,
190715_3,190715_3,,190715_3,190715_3,190715_3,APOE33,male,Sedentary,Control,32.4,4/26/2018,9/12/2019,16.57,17.0,1.38,,16.57,,A19071503,,,B51732,N57550,N57551,116,26, ,,,,,,,,,original_2019_scans,In House,,,,,,,,,,,,
190715_4,190715_4,,190715_4,190715_4,190715_4,HN,female,Sedentary,Control,27.8,3/21/2018,9/12/2019,17.73,18.0,1.48,,17.73,,A19071504,,,B51742,N57554,N57555,114,26,,,,,,,,,,original_2019_scans,In House,,,,,,,,,,,,
190715_5,190715_5,,190715_5,190715_5,190715_5,APOE22,male,Sedentary,Control,32.0,5/26/2018,9/12/2019,17.73,18.0,1.48,,17.73,,A19071505,,,B51852,N57552,N57553,115,27,,,,,,,,,,original_2019_scans,In House,,,,,,,,,,,,
190715_6,190715_6,,190715_6,190715_6,190715_6,APOE22,male,Sedentary,Control,30.3,5/26/2018,9/12/2019,15.57,16.0,1.3,,15.57,,A19071506,,,B51861,N57498,N57499,115,23,,,,,,,,,,original_2019_scans,In House,,,,,,,,,,,,
190715_7,190715_7,,190715_7,190715_7,190715_7,APOE22,female,Sedentary,Control,27.5,5/26/2018,9/12/2019,15.57,16.0,1.3,,15.57,,A19071507,,,B51872,N57496,N57497,102,22,,,,,,,,,,original_2019_scans,In House,,,,,,,,,,,,
190715_8,190715_8,,190715_8,190715_8,190715_8,APOE22,female,Sedentary,Control,28.0,5/26/2018,9/12/2019,15.57,16.0,1.3,,15.57,,A19071508,,,B51882,N57500,N57501,108,22,,,,,,,,,,original_2019_scans,In House,,,,,,,,,,,,
190715_9,190715_9,,190715_9,190715_9,190715_9,APOE22,male,Sedentary,Control,29.3,5/26/2018,9/12/2019,15.57,16.0,1.3,,15.57,,A19071509,,,B51991,N57502,N57503,114,24,,,,,,,,,,original_2019_scans,In House,,,,,,,,,,,,
190909_10,190909_10,,190909_2,190909_10,190909_10,APOE33,male,Sedentary,Control,36.4,4/26/2018,10/11/2019,17.53,18.0,1.46,,17.53,,A19090910,,,B51801,N57580,N57581,125,27, ,,,,,,,,,original_2019_scans,In House,,,,,,,,,,,,
190909_11,190909_11,,190909_3,190909_11,190909_11,APOE33,female,Sedentary,Control,36.2,4/26/2018,10/11/2019,17.53,18.0,1.46,,17.53,,A19090911,,,B51813,N57582,N57583,108,24, ,,,,,,,,,original_2019_scans,In House,,,,,,,,,,,,
190909_12,190909_12,,190909_4,190909_12,190909_12,APOE33,female,Sedentary,Control,30.4,4/26/2018,10/11/2019,17.53,18.0,1.46,,17.53,,A19090912,,,B51824,N57584,N57585,108,24, ,,,,,,,,,original_2019_scans,In House,,,,,,,,,,,,
190909_13,190909_13,,190909_8,190909_13,190909_13,APOE33,male,Sedentary,Control,34.0,4/26/2018,10/11/2019,17.53,18.0,1.46,,17.53,,A19090913,,,B51836,N57587,N57588,114,25, ,,,,,,,,,original_2019_scans,In House,,,,,,,,,,,,
190909_14,190909_14,,190909_9,190909_14,190909_14,APOE33,female,Sedentary,Control,28.1,4/26/2018,10/9/2019,17.47,17.0,1.46,,17.47,,A19090914,,,B51846,N57590,N57591,111,17, ,,,,,,,,,original_2019_scans,In House,,,,,,,,,,,,
190909_9,190909_9,,190909_1,190909_9,190909_9,HN,male,Sedentary,Control,33.4,3/21/2018,10/11/2019,17.53,18.0,1.46,,17.53,,A19090909,,,B51892,N57559,N57560,149,26,,,,,,,,,,original_2019_scans,In House,,,,,,,,,,,,
191028_3,191028_3,,191028_3,191028_3,191028_3,APOE22,female,Sedentary,Control,22.3,4/26/2018,12/3/2019,15.27,15.0,1.27,,15.27,,A19102803,,,B52233,N57694,N57695,105,24,,,,,,,,,,original_2019_scans,In House,,,,,,,,,,,,
191028_4,191028_4,,191028_4,191028_4,191028_4,APOE22,female,Sedentary,Control,24.0,4/26/2018,12/3/2019,15.27,15.0,1.27,,15.27,,A19102804,,,B52242,N57702,N57703,106,24,,,,,,,,,,original_2019_scans,In House,,,,,,,,,,,,
191028_5,191028_5,,191028_5,191028_5,191028_5,APOE22,female,Sedentary,Control,22.5,4/26/2018,12/3/2019,15.27,15.0,1.27,,15.27,,A19102805,,,B52253,N57709,N57710,106,24,,,,,,,,,,original_2019_scans,In House,,,,,,,,,,,,
191028_6,191028_6,,191028_6,191028_6,191028_6,APOE22,male,Sedentary,Control,30.3,4/26/2018,12/3/2019,15.27,15.0,1.27,,15.27,,A19102806,,,B52264,N57700,N57701,120,26,,,,,,,,,,original_2019_scans,In House,,,,,,,,,,,,
191028_7,191028_7,,191028_7,191028_7,191028_7,APOE22,male,Sedentary,Control,28.0,4/26/2018,12/3/2019,15.27,15.0,1.27,,15.27,,A19102807,,,B52274,N57692,N57693,108,24,,,,,,,,,,original_2019_scans,In House,,,,,,,,,,,,
200302_10,200302_10,,200302_10,8,200302_10,APOE22,male,Sedentary,Control,33.2,10/1/2018,4/23/2020,18.73,19.0,1.56,,18.73,,A20030210,,,B54006,N58344_m00-m48,N58348,104,25,,,,,,,,,,7,In House,,,,,,,,,,,,
200302_11,200302_11,,200302_11,9,200302_11,APOE22,male,Sedentary,Control,34.8,10/1/2018,4/23/2020,18.73,19.0,1.56,,18.73,,A20030211,,,B54014,N58346_m00-m48,N58349,116,25,,,,,,,,,,8,In House,,,,,,,,,,,,
200302_12,200302_12,,200302_12,10,200302_12,APOE22,male,Sedentary,Control,36.5,10/1/2018,4/23/2020,18.73,19.0,1.56,,18.73,,A20030212,,,B54025,N58350_m00-m48,N58356,111,25,,,,,,,,,,9,In House,,,,,,,,,,,,
200302_3,200302_3,,200302_3,1,200302_3,APOE22,male,Sedentary,Control,31.0,10/22/2018,5/7/2020,18.5,19.0,1.54,,18.5,,A20030203,,,B54236,N58394_m00-m48,N58395,112,28,,,,,,,,,,1,In House,,,,,,,,,,,,
200302_4,200302_4,,200302_4,2,200302_4,APOE22,male,Sedentary,Control,30.8,10/22/2018,5/7/2020,18.5,19.0,1.54,,18.5,,A20030204,,,B54242,N58396_m00-m48,N58397,111,28,,,,,,,,,,2,In House,,,,,,,,,,,,
200302_5,200302_5,,200302_5,3,200302_5,APOE22,male,Sedentary,Control,31.5,10/22/2018,5/7/2020,18.5,19.0,1.54,,18.5,,A20030205,,,B54254,N58398_m00-m48,N58399,112,27,,,,,,,,,,3,In House,,,,,,,,,,,,
200302_6,200302_6,,200302_6,4,200302_6,APOE22,female,Sedentary,Control,27.6,10/22/2018,5/7/2020,18.5,19.0,1.54,,18.5,,A20030206,,,B54366,N58359_m00-m48,N58360,112,26,,,,,,,,,,4,In House,,,,,,,,,,,,
200302_7,200302_7,,200302_7,5,200302_7,APOE22,female,Sedentary,Control,27.3,10/22/2018,5/7/2020,18.5,19.0,1.54,,18.5,,A20030207,,,B54374,N58361_m00-m48,N58362,109,26,,,,,,,,,,5,In House,,,,,,,,,,,,
200302_8,200302_8,,200302_8,6,200302_8,APOE22,female,Sedentary,Control,27.5,10/22/2018,5/7/2020,18.5,19.0,1.54,,18.5,,A20030208,,,B54385,N58404_m00-m48,N58405,107,27,18.5,,,,,,,,,6,In House,,,,,,,,,,,,
200302_9,200302_9,,200302_9,7,200302_9,APOE22,female,Sedentary,Control,28.0,10/22/2018,5/7/2020,18.5,19.0,1.54,,18.5,,A20030209,,,B54396,N58402_m00-m48,N58403,105,27,18.5,,,,,,,,,7,In House,,,,,,,,,,,,
200331_1,200331_1,,200331_1,11,200331_1,APOE22,female,Sedentary,Control,25.8,11/23/2018,5/7/2020,17.47,17.0,1.46,,17.47,,A20033101,,,B54416,N58516_m00-m48,N58517,97,24,17.47,,,,,,,,,1,In House,,,,,,,,,,,,
200331_10,200331_10,,200331_10,20,200331_10,APOE22,female,Sedentary,Control,25.7,11/23/2018,5/28/2020,18.17,18.0,1.51,,18.17,,A20033110,,,B54509,N58510_m00-m48,N58511,94,25,18.17,,,,,,,,,9,In House,,,,,,,,,,,,
200331_11,200331_11,,200331_11,21,200331_11,APOE22,male,Sedentary,Control,28.6,11/23/2018,5/28/2020,18.17,18.0,1.51,,18.17,,A20033111,,,B54419,N58406_m00-m48,N58407,104,27,18.17,,,,,,,,,10,In House,,,,,,,,,,,,
200331_12,200331_12,,200331_12,22,200331_12,APOE22,male,Sedentary,Control,30.9,11/23/2018,5/28/2020,18.17,18.0,1.51,,18.17,,A20033112,,,B54526,N58408_m00-m48,N58409,117,27,18.17,,,,,,,,,11,In House,,,,,,,,,,,,
200331_13,200331_13,,200331_13,23,200331_13,APOE22,male,Sedentary,Control,26.6,11/23/2018,5/28/2020,18.17,18.0,1.51,,18.17,,A20033113,,,B54532,N58514_m00-m48,N58515,95,27,18.17,,,,,,,,,12,In House,,,,,,,,,,,,
200331_14,200331_14,,200331_14,24,200331_14,APOE44,male,Sedentary,Control,32.2,9/11/2018,4/23/2020,19.4,19.0,1.62,,19.4,,A20033114,,,B54046,N58302_m00-m48,N58301,115,26,,,,,,,,,,1,In House,,,,,,,,,,,,
200331_15,200331_15,,200331_15,25,200331_15,APOE44,male,Sedentary,Control,34.1,9/11/2018,4/23/2020,19.4,19.0,1.62,,19.4,,A20033115,,,B54058,N58305_m00-m48,N58306,126,25,,,,,,,,,,2,In House,,,,,,,,,,,,
200331_16,200331_16,,200331_16,26,200331_16,APOE44,male,Sedentary,Control,33.4,11/5/2018,4/23/2020,17.6,18.0,1.47,,17.6,,A20033116,,,B54166,N58303_m00-m48,N58304,119,26,,,,,,,,,,3,In House,,,,,,,,,,,,
200331_17,200331_17,,200331_17,27,200331_17,APOE44,female,Sedentary,Control,25.7,9/11/2018,4/23/2020,19.4,19.0,1.62,,19.4,,A20033117,,,B54173,N58309_m00-m48,N58308,110,24,,,,,,,,,,4,In House,,,,,,,,,,,,
200331_18,200331_18,,200331_18,28,200331_18,APOE44,male,Sedentary,Control,32.2,9/11/2018,4/23/2020,19.4,19.0,1.62,,19.4,,A20033118,,,B54184,N58310_m00-m48,N58311,110,26,,,,,,,,,,5,In House,,,,,,,,,,,,
200331_2,200331_2,,200331_2,12,200331_2,APOE22,female,Sedentary,Control,25.6,11/23/2018,5/28/2020,18.17,18.0,1.51,,18.17,,A20033102,,,B54424,N58608_m00-m48,N58612,88,25,18.17,,,,,,,,,2,In House,,,,,,,,,,,,
200331_20,200331_20,,200331_20,30,200331_20,APOE44,male,Sedentary,Control,31.9,9/11/2018,4/23/2020,19.4,19.0,1.62,,19.4,,A20033120,,,B54107,N58355_m00-m48,N58358,109,27,,,,,,,,,,6,In House,,,,,,,,,,,,
200331_3,200331_3,,200331_3,13,200331_3,APOE22,female,Sedentary,Control,26.9,11/23/2018,5/28/2020,18.17,18.0,1.51,,18.17,,A20033103,,,B54435,,,,,18.17,,,,,,,,,3,In House,,,,,,,,,,,,
200331_4,200331_4,,200331_4,14,200331_4,APOE22,female,Sedentary,Control,27.0,11/23/2018,5/28/2020,18.17,18.0,1.51,,18.17,,A20033104,,,B54446,N58606_m00-m48,N58607,88,25,18.17,,,,,,,,,4,In House,,,,,,,,,,,,
200331_5,200331_5,,200331_5,15,200331_5,APOE22,female,Sedentary,Control,25.9,11/23/2018,5/28/2020,18.17,18.0,1.51,,18.17,,A20033105,,,B54458,N58604_m00-m48,N58605,96,25,18.17,,,,,,,,,5,In House,,,,,,,,,,,,
200331_7,200331_7,,200331_7,17,200331_7,APOE22,female,Sedentary,Control,29.3,11/23/2018,5/28/2020,18.17,18.0,1.51,,18.17,,A20033107,,,B54575,N58512_m00-m48,N58513,93,26,18.17,,,,,,,,,6,In House,,,,,,,,,,,,
200331_8,200331_8,,200331_8,18,200331_8,APOE22,female,Sedentary,Control,26.6,11/23/2018,5/28/2020,18.17,18.0,1.51,,18.17,,A20033108,,,B54587,N58477_m00-m48,N58478,95,24,18.17,,,,,,,,,7,In House,,,,,,,,,,,,
200331_9,200331_9,,200331_9,19,200331_9,APOE22,female,Sedentary,Control,27.9,11/23/2018,5/28/2020,18.17,18.0,1.51,,18.17,,A20033109,,,B54598,N58500_m00-m48,N58501,100,25,18.17,,,,,,,,,8,In House,,,,,,,,,,,,
201015_1           ,201015_1           ,,201015_1,201015_1           ,201015_1,APOE33HN,male,Sedentary,Control,32.0,12/11/2019,10/14/2020,10.1,10.0,0.84,,10.1,,,,,,N58655_m00-m48,N58667,99,24,10.1,,,,,,,,,1,In House,,,,,,,,,,,,
210113_1           ,210113_1           ,,201026_1,201026_1,210113_1,APOE44HN,female,Sedentary,Control,28.4,4/28/2019,1/14/2021,20.53,21.0,1.71,18.2,20.53,,,,,,N58706_m00-m48,N58707,105,27,20.53,,,,,210113_1,,,,1,In House,,,,,,,,,,,,
210113_2           ,210113_2           ,,201026_2,201026_2,210113_2,APOE44HN,female,Sedentary,Control,31.0,8/11/2019,1/14/2021,17.1,17.0,1.43,14.7,17.1,,,,,,N58708_m00-m48,N58709,107,26,17.1,,,,,210113_2,,,,2,In House,,,,,,,,,,,,
210113_3           ,210113_3           ,,201026_3,201026_3,210113_3,APOE44HN,male,Sedentary,Control,31.8,11/29/2019,1/14/2021,13.5,14.0,1.13,11.03,13.5,,,,,,N58712_m00-m48,N58713,116,27,13.5,,,,,210113_3,,,,3,In House,,,,,,,,,,,,
210113_4           ,210113_4           ,,201026_4,201026_4,210113_4,APOE44HN,male,Sedentary,Control,28.0,4/28/2019,1/14/2021,20.53,21.0,1.71,18.2,20.53,,,,,,N58714_m00-m48,N58715,111,27,20.53,,,,,210113_4,,,,4,In House,,,,,,,,,,,,
210118_1           ,210118_1           ,,201012_1,201012_1,210118_1,APOE44HN,male,Sedentary,HFD,36.4,1/14/2020,3/1/2021,13.57,14.0,1.13,11.87,13.57,,,,,,N58732_m00-m48,N58736,102,26,13.57,,,,,210118_1,,,,1,In House,,,,,,,,,,,,
210118_10           ,210118_10           ,,201012_10,201012_10,210118_10,APOE44HN,female,Sedentary,HFD,34.5,12/24/2019,3/1/2021,14.23,14.0,1.19,12.53,14.23,,,,,,N58740_m00-m48,N58741,102,26,14.23,,,,,210118_10,,,,5,In House,,,,,,,,,,,,
210118_11           ,210118_11           ,,201012_11,201012_11,210118_11,APOE33HN,female,Sedentary,HFD,44.1,11/19/2019,3/1/2021,15.4,15.0,1.28,13.7,15.4,,,,,,N58742_m00-m48,N58743,106,26,15.4,,,,,210118_11,,,,6,In House,,,,,,,,,,,,
210118_12           ,210118_12           ,,201012_12,201012_12,210118_12,APOE33HN,female,Sedentary,HFD,36.6,12/8/2019,3/1/2021,14.77,15.0,1.23,13.07,14.77,,,,,,N58745_m00-m48,N59113,106,26,14.77,,,,,210118_12,,,,7,In House,,,,,,,,,,,,
210118_13           ,210118_13           ,,201012_13,201012_13,210118_13,APOE33HN,male,Sedentary,HFD,31.4,2/19/2020,3/1/2021,12.4,12.0,1.03,11.03,12.4,,,,,,N58747_m00-m48,N58748,106,26,12.4,,,,,210118_13,,,,8,In House,,,,,,,,,,,,
210118_15           ,210118_15           ,,201012_15,201012_15,210118_15,APOE33,female,Sedentary,HFD,42.5,12/31/2019,3/1/2021,14.03,14.0,1.17,12.33,14.03,,,,,,N58749_m00-m48,N58750,106,26,14.03,,,,,,,,,9,In House,,,,,,,,,,,,
210118_16           ,210118_16           ,,201012_16,201012_16,210118_16,APOE33,female,Sedentary,HFD,41.2,12/31/2019,3/1/2021,14.03,14.0,1.17,12.33,14.03,,,,,,N58751_m00-m48,N58752,107,26,14.03,,,,,,,,,10,In House,,,,,,,,,,,,
210118_17           ,210118_17           ,,201012_17,201012_17,210118_17,APOE33,female,Sedentary,HFD,41.3,12/31/2019,3/14/2021,14.47,14.0,1.21,12.33,14.47,,,,,,N58792_m00-m48,N58793,106,27,,,,,,210118_18??,,,,16,In House,,,,,,,,,,,,
210118_18           ,210118_18           ,,201012_18,201012_18,210118_18,APOE33,female,Sedentary,HFD,44.3,12/31/2019,3/14/2021,14.47,14.0,1.21,12.33,14.47,,,,,,N58794_m00-m48,N58795,109,27,,,,,,210118_18,,,,17,In House,,,,,,,,,,,,
210118_19           ,210118_19           ,,201012_19,201012_19,210118_19,APOE33,female,Sedentary,HFD,40.3,1/1/2020,3/14/2021,14.43,14.0,1.2,12.3,14.43,,,,,,N58829_m00-m48,N58830,104,24,d,,,,,,,,,18,In House,,,,,,,,,,,,
210118_2           ,210118_2           ,,201012_2,201012_2,210118_2,APOE44HN,male,Sedentary,HFD,35.4,1/14/2020,3/1/2021,13.57,14.0,1.13,11.87,13.57,,,,,,N58733_m00-m48,N58737,109,26,13.57,,,,,210118_2,,,,2,In House,,,,,,,,,,,,
210118_20           ,210118_20           ,,201012_20,201012_20,210118_20,APOE33,female,Sedentary,HFD,46.9,1/1/2020,3/14/2021,14.43,14.0,1.2,12.3,14.43,,,,,,N58813_m00-m48,N58814,106,27,,,,,,210118_20,,,,19,In House,,,,,,,,,,,,
210118_21           ,210118_21           ,,201012_21,201012_21,210118_21,APOE33,female,Sedentary,HFD,33.8,1/1/2020,3/15/2021,14.47,14.0,1.21,12.3,14.47,,,,,,N58815_m00-m48,N58816,104,27,d,,,,,210118_21,,,,20,In House,,,,,,,,,,,,
210118_22           ,210118_22           ,,201012_22,201012_22,210118_22,APOE33,male,Sedentary,HFD,46.0,1/1/2020,3/15/2021,14.47,14.0,1.21,12.3,14.47,,,,,,N58821_m00-m48,N58822,105,26,d,,,,,210118_22,,,,21,In House,,,,,,,,,,,,
210118_23           ,210118_23           ,,201012_23,201012_23,210118_23,APOE33,male,Sedentary,HFD,42.0,1/1/2020,3/15/2021,14.47,14.0,1.21,12.3,14.47,,,,,,N58819_m00-m48,N58820,107,26,d,,,,,210118_23,,,,22,In House,,,,,,,,,,,,
210118_24           ,210118_24           ,,201012_24,201012_24,210118_24,APOE33,male,Sedentary,HFD,43.8,12/31/2019,3/15/2021,14.5,15.0,1.21,12.33,14.5,,,,,,N58831_m00-m48,N58832,108,27,d,,,,,210118_24,,,,23,In House,,,,,,,,,,,,
210118_25           ,210118_25           ,,201012_25,201012_25,210118_25,APOE33,male,Sedentary,HFD,43.9,12/31/2019,3/15/2021,14.5,15.0,1.21,12.33,14.5,,,,,,N58851_m00-m48,N58852,111,28,d,,,,,210118_25,,,,24,In House,,,,,,,,,,,,
210118_26           ,210118_26           ,,201012_26,201012_26,210118_26,APOE33,male,Sedentary,HFD,54.0,12/31/2019,3/15/2021,14.5,15.0,1.21,12.33,14.5,,,,,,N58853_m00-m48,N58854,100,29,d,,,,,210118_26,,,,25,In House,,,,,,,,,,,,
210118_27           ,210118_27           ,,201012_27,201012_27,210118_27,APOE33,male,Sedentary,HFD,43.1,12/31/2019,3/15/2021,14.5,15.0,1.21,12.33,14.5,,,,,,N58855_m00-m48,N58856,106,26,d,,,,,210118_27,,,,26,In House,,,,,,,,,,,,
210118_3           ,210118_3           ,,201012_3,201012_3,210118_3,APOE44HN,male,Sedentary,HFD,46.8,1/20/2020,3/1/2021,13.37,13.0,1.11,11.67,13.37,,,,,,N58734_m00-m48,N58738,113,25,13.37,,,,,210118_3,,,,3,In House,,,,,,,,,,,,
210118_4           ,210118_4           ,,201012_4,201012_4,210118_4,APOE44HN,female,Sedentary,HFD,38.8,12/24/2019,3/14/2021,14.67,15.0,1.22,11.87,14.67,,,,,,N58779_m00-m48,N58782,104,27,14.67,,,,,,,,,11,In House,,,,,,,,,,,,
210118_5           ,210118_5           ,,201012_5,201012_5,210118_5,APOE44HN,female,Sedentary,HFD,39.8,12/24/2019,3/14/2021,14.67,15.0,1.22,11.87,14.67,,,,,,N58780_m00-m48,N58781,110,28,,,,,,,,,,12,In House,,,,,,,,,,,,
210118_6           ,210118_6           ,,201012_6,201012_6,210118_6,APOE44HN,female,Sedentary,HFD,39.7,12/24/2019,3/14/2021,14.67,15.0,1.22,11.87,14.67,,,,,,N58784_m00-m48,N58785,97,27,,,,,,,,,,13,In House,,,,,,,,,,,,
210118_7           ,210118_7           ,,201012_7,201012_7,210118_7,APOE44HN,female,Sedentary,HFD,32.8,12/24/2019,3/14/2021,14.67,15.0,1.22,12.53,14.67,,,,,,N58788_m00-m48,N58789,104,26,,,,,,,,,,14,In House,,,,,,,,,,,,
210118_8           ,210118_8           ,,201012_8,201012_8,210118_8,APOE44HN,female,Sedentary,HFD,41.2,12/24/2019,3/1/2021,14.23,14.0,1.19,12.53,14.23,,,,,,N58735_m00-m48,N58739,130,28,14.23,,,,,210118_8,,,,4,In House,,,,,,,,,,,,
210118_9           ,210118_9           ,,201012_9,201012_9,210118_9,APOE44HN,female,Sedentary,HFD,31.9,12/24/2019,3/15/2021,14.7,15.0,1.23,12.53,14.7,,,,,,N58790_m00-m48,N58791,113,27,,,,,,210118_9,,,,15,In House,,,,,,,,,,,,
210201_10,210201_10,,210201_10,210201_10,210201_10,APOE44,female,Sedentary,Control,24.9,3/3/2020,6/2/2021,14.97,15.0,1.25,11.13333333,14.97,,,,,,N58883_m00-m48,N58884,107,26,d,,,,,,,,,9,In House,,,,,,,,,,,,
210201_11,210201_11,,210201_11,210201_11,210201_11,APOE44,male,Sedentary,Control,29.2,3/17/2020,5/26/2021,14.3,14.0,1.19,10.66666667,14.3,,,,,,N58887_m00-m48,N58888,104,24,D,,,,,,,,,10,In House,,,,,,,,,,,,
210201_12,210201_12,,210201_12,210201_12,210201_12,APOE44,male,Sedentary,Control,30.9,3/17/2020,5/26/2021,14.3,14.0,1.19,10.66666667,14.3,,,,,,N58885_m00-m48,N58886,107,25,D,,,,,,,,,11,In House,,,,,,,,,,,,
210201_13,210201_13,,210201_13,210201_13,210201_13,APOE44,male,Sedentary,Control,27.9,3/17/2020,5/26/2021,14.3,14.0,1.19,10.66666667,14.3,,,,,,N58919_m00-m48,N58920,109,27,,,,,,,,,,12,In House,,,,,,,,,,,,
210201_14,210201_14,,210201_14,210201_14,210201_14,APOE44,male,Sedentary,Control,30.3,3/3/2020,5/26/2021,14.77,15.0,1.23,11.13333333,14.77,,,,,,,,,,,,,,,,,,,13,In House,,,,,,,,,,,,
210201_15,210201_15,,210201_15,210201_15,210201_15,APOE44,male,Sedentary,Control,31.2,3/3/2020,5/26/2021,14.77,15.0,1.23,11.13333333,14.77,,,,,,N58879_m00-m48,N58880,93,25,D,,,,,,,,,14,In House,,,,,,,,,,,,
210201_16,210201_16,,210201_16,210201_16,210201_16,APOE44,male,Sedentary,Control,34.1,3/3/2020,5/26/2021,14.77,15.0,1.23,11.13333333,14.77,,,,,,N58881_m00-m48,N58882,102,25,D,,,,,,,,,15,In House,,,,,,,,,,,,
210201_17,210201_17,,210201_17,210201_17,210201_17,APOE44,male,Sedentary,Control,32.8,1/7/2020,6/2/2021,16.83,17.0,1.4,13.0,16.83,,,,,,N58889_m00-m48,N58890,109,27,AD,,,,,,,,,16,In House,,,,,,,,,,,,
210201_18,210201_18,,210201_18,210201_18,210201_18,APOE44,male,Sedentary,Control,30.6,1/7/2020,6/2/2021,16.83,17.0,1.4,13.0,16.83,,,,,,,,,,,,,,,,,,,17,In House,,,,,,,,,,,,
210201_19,210201_19,,210201_19,210201_19,210201_19,APOE22HN,male,Sedentary,Control,27.0,3/14/2020,5/24/2021,14.33,14.0,1.19,10.76666667,14.33,,,,,,N58877_m00-m48,N58878,106,28,D,,,,,,,,,18,In House,,,,,,,,,,,,
210201_2,210201_2,,210201_2,210201_2,210201_2,APOE33,female,Sedentary,Control,31.2,1/1/2020,6/8/2021,17.23,17.0,1.44,13.2,17.23,,,,,,N59003-m00-m48,N59004,64,26, ,,,,,,,,,1,In House,,,,,,,,,,,,
210201_3,210201_3,,210201_3,210201_3,210201_3,APOE33,female,Sedentary,Control,34.6,1/1/2020,6/8/2021,17.23,17.0,1.44,13.2,17.23,,,,,,,,,,,,,,,,,,,2,In House,,,,,,,,,,,,
210201_4,210201_4,,210201_4,210201_4,210201_4,APOE33,female,Sedentary,Control,33.6,1/1/2020,6/8/2021,17.23,17.0,1.44,13.2,17.23,,,,,,,,,,,,,,,,,,,3,In House,,,,,,,,,,,,
210201_5,210201_5,,210201_5,210201_5,210201_5,APOE33,female,Sedentary,Control,28.5,1/1/2020,6/8/2021,17.23,17.0,1.44,13.2,17.23,,,,,,,,,,,,,,,,,,,4,In House,,,,,,,,,,,,
210201_6,210201_6,,210201_6,210201_6,210201_6,APOE44,female,Sedentary,Control,26.3,3/3/2020,6/2/2021,14.97,15.0,1.25,11.13333333,14.97,,,,,,N58913_m00-m48,N58914,112,26,,,,,,,,,,5,In House,,,,,,,,,,,,
210201_7,210201_7,,210201_7,210201_7,210201_7,APOE44,female,Sedentary,Control,25.7,3/3/2020,6/2/2021,14.97,15.0,1.25,11.13333333,14.97,,,,,,N58915_m00-m48,N58916,110,25,,,,,,,,,,6,In House,,,,,,,,,,,,
210201_8,210201_8,,210201_8,210201_8,210201_8,APOE44,female,Sedentary,Control,25.2,3/3/2020,6/2/2021,14.97,15.0,1.25,11.13333333,14.97,,,,,,N58909_m00-m48,N58910,113,25,AD,,,,,,,,,7,In House,,,,,,,,,,,,
210201_9,210201_9,,210201_9,210201_9,210201_9,APOE44,female,Sedentary,Control,25.6,3/3/2020,6/2/2021,14.97,15.0,1.25,11.13333333,14.97,,,,,,N58906_m00-m48,N58907,113,25,AD,,,,,,,,,8,In House,,,,,,,,,,,,
210216_1           ,210216_1           ,,210216_1,?,210216_1,APOE22HN,male,Sedentary,Control,29.5,6/15/2020,2/15/2021,8.0,8.0,0.67,,8,,,,,,,,,,8,,,,,,,,,1,In House,,,,,,,,,,,,
210222_1,210222_1,,210222_1,210222_1,210222_1,APOE33HN,female,Sedentary,Control,29.8,3/9/2020,5/24/2021,14.5,15.0,1.21,11.63333333,14.5,,,,,,,,,,,,,,,,,,,19,In House,,,,,,,,,,,,
210222_10,210222_10,,210222_10,210222_10,210222_10,APOE33,female,Sedentary,Control,28.9,3/7/2020,6/7/2021,15.0,15.0,1.25,11.7,15,,,,,,N58857_m00-m48,N58858,107,25, ,,,,,,,,,28,In House,,,,,,,,,,,,
210222_11,210222_11,,210222_11,210222_11,210222_11,APOE33,female,Sedentary,Control,28.1,3/7/2020,6/7/2021,15.0,15.0,1.25,11.7,15,,,,,,N58859_m00-m48,N58860,99,25, ,,,,,,,,,29,In House,,,,,,,,,,,,
210222_12,210222_12,,210222_12,210222_12,210222_12,APOE33,female,Sedentary,Control,26.8,3/7/2020,6/8/2021,15.03,15.0,1.25,11.7,15.03,,,,,,N58861_m00-m48,N58862,108,27, ,,,,,,,,,30,In House,,,,,,,,,,,,
210222_13,210222_13,,210222_13,210222_13,210222_13,APOE33,male,Sedentary,Control,33.8,3/7/2020,6/8/2021,15.03,15.0,1.25,11.7,15.03,,,,,, , , , , ,,,,,,,,,31,In House,,,,,,,,,,,,
210222_14,210222_14,,210222_14,210222_14,210222_14,APOE33,male,Sedentary,Control,34.6,3/7/2020,6/8/2021,15.03,15.0,1.25,11.7,15.03,,,,,,N59065_m00-m48,N59064,100,26, ,,,,,,,,,32,In House,,,,,,,,,,,,
210222_15,210222_15,,210222_15,210222_15,210222_15,APOE33,male,Sedentary,Control,35.7,3/7/2020,6/8/2021,15.03,15.0,1.25,11.7,15.03,,,,,,N59066_m00-m48,N59067,107,27, ,,,,,,,,,33,In House,,,,,,,,,,,,
210222_16,210222_16,,210222_16,210222_16,210222_16,APOE22,male,Sedentary,Control,27.0,2/17/2020, 6/7/2021,15.03,15.0,1.25,12.36666667,15.03,,,,,,N59080_m00-m48,N59081,79,20,Did not draw the blood ,,,,,,,,,34,In House,,,,,,,,,,,,
210222_17,210222_17,,210222_17,210222_17,210222_17,APOE22,female,Sedentary,Control,28.3,2/16/2020,6/7/2021,15.7,16.0,1.31,12.36666667,15.7,,,,,,N60231_m00-m48,N60232,90,31,,,,,,,,,December2022scans,35,In House,,,,,,,,,,,,
210222_2,210222_2,,210222_2,210222_2,210222_2,APOE33HN,female,Sedentary,Control,28.9,3/9/2020,5/24/2021,14.5,15.0,1.21,11.63333333,14.5,,,,,,N60129_m00-m48,N60130,94,32,,,,,,,,,Sep2022scans,20,In House,,,,,,,,,,,,
210222_3,210222_3,,210222_3,210222_3,210222_3,APOE33HN,male,Sedentary,Control,32.3,3/9/2020,5/24/2021,14.5,15.0,1.21,11.63333333,14.5,,,,,,N60131_m00-m48,N60132,93,30,,,,,,,,,Sep2022scans,21,In House,,,,,,,,,,,,
210222_4,210222_4,,210222_4,210222_4,210222_4,APOE33HN,male,Sedentary,Control,35.9,3/9/2020,5/24/2021,14.5,15.0,1.21,11.63333333,14.5,,,,,,N60127_m00-m48,N60128,94,29,,,,,,,,,Sep2022scans,22,In House,,,,,,,,,,,,
210222_5,210222_5,,210222_5,210222_5,210222_5,APOE33HN,male,Sedentary,Control,32.8,3/9/2020,5/24/2021,14.5,15.0,1.21,11.63333333,14.5,,,,,,,,,,,,,,,,,,,23,In House,,,,,,,,,,,,
210222_6,210222_6,,210222_6,210222_6,210222_6,APOE33HN,male,Sedentary,Control,33.8,3/9/2020,5/24/2021,14.5,15.0,1.21,11.63333333,14.5,,,,,,N60139_m00-m48,N60140,89,30,,,,,,,,,Sep2022scans,24,In House,,,,,,,,,,,,
210222_7,210222_7,,210222_7,210222_7,210222_7,APOE33,female,Sedentary,Control,40.9,2/22/2020,6/7/2021,15.5,16.0,1.29,12.16666667,15.5,,,,,,N58917_m00-m48,N58918,103,29, ,,,,,,,,,25,In House,,,,,,,,,,,,
210222_8,210222_8,,210222_8,210222_8,210222_8,APOE33,female,Sedentary,Control,29.0,2/22/2020,6/7/2021,15.5,16.0,1.29,12.16666667,15.5,,,,,,N58995-m00-m48,N58996,103,26, ,,,,,,,,,26,In House,,,,,,,,,,,,
210222_9,210222_9,,210222_9,210222_9,210222_9,APOE33,female,Sedentary,Control,33.2,2/22/2020,6/7/2021,15.5,16.0,1.29,12.16666667,15.5,,,,,,N59005-m00-m48,N59006,103,27, ,,,,,,,,,27,In House,,,,,,,,,,,,
210503_10,210503_10,,210503_10,210503_10,,APOE33,female,Sedentary,Control,26.0,11/2/2019,,18.27,,,18.27,,DIED,A21050310,,,,died,,,,,,1.0,0,,,,,May2021cohort,,In House,,,,,,,,,,,,
210624_1,210624_1,,210503_1,210503_1,210624_1,APOE33,male,Sedentary,Control,33.5,10/12/2019,6/30/2021,20.6,21.0,1.72,18.93333333,20.6,,,,,,,,,,,,,,,,,,,1,In House,,,,,,,,,,,,
210624_10,210624_10,,210503_11,210503_11,210624_10,APOE33,female,Sedentary,Control,30.6,11/1/2019,6/30/2021,19.97,20.0,1.66,18.26666667,19.97,,,,,,,,,,,,,,,,,,,10,In House,,,,,,,,,,,,
210624_11,210624_11,,210503_12,210503_12,210624_11,APOE33,female,Sedentary,Control,30.7,11/7/2019,6/30/2021,19.77,20.0,1.65,18.06666667,19.77,,,,,,,,,,,,,,,,,,,11,In House,,,,,,,,,,,,
210624_12,210624_12,,210503_13,210503_13,210624_12,APOE33,female,Sedentary,Control,30.5,11/7/2019,6/23/2021,19.2,19.0,1.6,18.06666667,#VALUE!,,,,,,,,,,"Abdominal tumor.  6/30/21 die during image? Did not draw the blood. 7/1/21 dessection find uterus, ovary or kidney tumor. Save haed in formalin+0.5% ProHance",,,,,,,,,12,In House,,,,,,,,,,,,
210624_13,210624_13,,210503_14,210503_14,210624_13,APOE33,female,Sedentary,Control,27.7,11/7/2019,6/23/2021,19.2,19.0,1.6,18.06666667,#VALUE!,,,,,,,,,,6/30/21 Die during image. Did not draw the blood. 7/1/21 Save haed in formalin+0.5% ProHance,,,,,,,,,13,In House,,,,,,,,,,,,
210624_14,210624_14,,210503_15,210503_15,210624_14,APOE33,female,Sedentary,Control,36.5,11/7/2019,6/30/2021,19.77,20.0,1.65,18.06666667,19.77,,,,,,,,,,,,,,,,,,,14,In House,,,,,,,,,,,,
210624_15,210624_15,,210503_16,210503_16,210624_15,APOE33,female,Sedentary,Control,30.1,11/7/2019,6/23/2021,19.2,19.0,1.6,18.06666667,#VALUE!,,,,,,,,,,"6/30/21 MRI find brain tumor. 7/1/21 wt 30.4g. Lip-I (IV) injection for Micro Ct , 7/6/21 Die during CT. Did not draw the blood. Save haed in formalin+0.5% ProHance",,,,,,,,,15,In House,,,,,,,,,,,,
210624_16,210624_16,,210503_17,210503_17,210624_16,APOE33,female,Sedentary,Control,35.1,7/7/2019,6/23/2021,19.2,19.0,1.6,22.16666667,#VALUE!,,,,,,died during imaging,,,,7/1/21 Die during image. Did not draw the blood. 7/2/21 Save haed in formalin+0.5% ProHance,,,,,,,,,16,In House,,,,,,,,,,,,
210624_2,210624_2,,210503_2,210503_2,210624_2,APOE33,male,Sedentary,Control,39.0,10/12/2019,6/30/2021,20.6,21.0,1.72,18.93333333,20.6,,,,,,,,,,,,,,,,,,,2,In House,,,,,,,,,,,,
210624_3,210624_3,,210503_3,210503_3,210624_3,APOE33,male,Sedentary,Control,40.3,10/12/2019,6/30/2021,20.6,21.0,1.72,18.93333333,20.6,,,,,,,,,,,,,,,,,,,3,In House,,,,,,,,,,,,
210624_4,210624_4,,210503_4,210503_4,210624_4,APOE33,male,Sedentary,Control,31.3,11/1/2019,6/30/2021,19.97,20.0,1.66,18.26666667,19.97,,,,,,,,,,,,,,,,,,,4,In House,,,,,,,,,,,,
210624_5,210624_5,,210503_5,210503_5,210624_5,APOE33,male,Sedentary,Control,33.3,11/1/2019,6/30/2021,19.97,20.0,1.66,18.26666667,19.97,,,,,,,,,,,,,,,,,,,5,In House,,,,,,,,,,,,
210624_6,210624_6,,210503_6,210503_6,210624_6,APOE33,male,Sedentary,Control,32.9,11/1/2019,6/30/2021,19.97,20.0,1.66,18.26666667,19.97,,,,,,N58952_m00-m48,N58953,126,28,,,,,,,,,,6,In House,,,,,,,,,,,,
210624_7,210624_7,,210503_7,210503_7,210624_7,APOE33,female,Sedentary,Control,27.5,11/1/2019,6/30/2021,19.97,20.0,1.66,18.26666667,19.97,,,,,,N60225_m00-m48,N60226,100,32,,,,,,,,,December2022scans,7,In House,,,,,,,,,,,,
210624_8,210624_8,,210503_8,210503_8,210624_8,APOE33,female,Sedentary,Control,32.1,11/1/2019,6/30/2021,19.97,20.0,1.66,18.26666667,19.97,,,,,,,,,,,,,,,,,,,8,In House,,,,,,,,,,,,
210624_9,210624_9,,210503_9,210503_9,210624_9,APOE33,female,Sedentary,Control,30.3,11/1/2019,6/30/2021,19.97,20.0,1.66,18.26666667,19.97,,,,,,,,,,,,,,,,,,,9,In House,,,,,,,,,,,,
210730_1,210730_1,,210614_6,210614_6 ,210730_1,APOE22HN,male,Sedentary,HFD,38.1,6/28/2020,10/4/2021,15.43,15.0,1.25,11.66666667,15.43,,,,,,N60095_m00-m48,N60096,97,31,,,,,,210730_1,,,august2022scans,26,In House,,,,,,,,,,,,
210730_2,210730_2,,210614_1,210614_1,210730_2,APOE22HN,female,Sedentary,HFD,36.6,6/28/2020,9/30/2021,15.07,15.0,1.26,11.66666667,15.07,,,,,,N60068_m00-m48,N60069,87,30,MRSOLUTIONS,,,,,210730_2,,,july2022scans,10,In House,,,,,,,,,,,,
210730_3,210730_3,,210112_11,210112_11,210730_3,APOE44HN,male,Sedentary,HFD,51.1,4/20/2020,8/16/2021,15.87,16.0,1.32,11.7,15.87,,,,,,N58954_m00-m48,N58955,108,27,,,,,,210730_3,,,,7,In House,,,,,,,,,,,,
210730_4,210730_4,,210112_2,210112_2,210730_4,APOE44HN,female,Sedentary,HFD,56.2,4/5/2020,7/30/2021                                                 Micro Ct image                                           8/17/21                                                                        ,,0.0,#VALUE!,12.2,#VALUE!,,,,,,,,,,,,,,,210730_4,,,,1,In House,,,,,,,,,,,,
210730_5,210730_5,,210112_18,210112_18,210730_5,APOE33HN,male,Sedentary,HFD,51.8,4/27/2020,8/17/2021,15.67,16.0,1.31,11.46666667,15.67,,,,,,N59109_m00-m48,N59110,107,27,,,,,,210730_5,,,,12,In House,,,,,,,,,,,,
210730_6,210730_6,,210112_21,210112_21,210730_6,APOE33HN,female,Sedentary,HFD,57.7,4/27/2020,8/17/2021,15.67,16.0,1.31,11.46666667,15.67,,,,,,N59116_m00-m48,N59117,107,26,,,,,,210730_6,,,,15,In House,,,,,,,,,,,,
210730_7,210730_7,,210112_26,210112_26,210730_7,APOE44,male,Sedentary,HFD,50.3,4/5/2020,8/18/2021,16.43,16.0,1.37,12.2,16.43,,,,,,,,,,,,,,,210730_7,,,,19,In House,,,,,,,,,,,,
210730_8,210730_8,,210112_27,210112_27,210730_8,APOE44,female,Sedentary,HFD,50.7,4/5/2020,8/17/2021,16.4,16.0,1.37,12.2,16.4,,,,,,N60229_m00-m48,N60230,94,31,,,,,,210730_8,,,December2022scans,20,In House,,,,,,,,,,,,
210809_1,210809_1,,210809_2,210809_2,210809_1,APOE33HN,female,Sedentary,Control,22.3,8/23/2020,11/9/2021,14.77,15.0,1.25,11.66666667,14.77,210809_1,A21080901,,,,,,,,,,1.0,0,,,,,,1,In House,,,,,,,,,,,,
210809_2,210809_2,,210809_3,210809_3,210809_2,APOE33HN,female,Sedentary,Control,24.4,8/23/2020,11/9/2021,14.77,15.0,1.25,11.66666667,14.77,210809_3_alex,A21080902,,,,,,,,,,1.0,0,,,,,,2,In House,,,,,,,,,,,,
210809_3,210809_3,,210809_4,210809_4,210809_3,APOE33HN,female,Sedentary,Control,30.1,9/2/2020,11/9/2021,14.43,15.0,1.25,11.33333333,14.43,210809_4_alex_APOE_18abb11,A21080903,,,,,,,,,,1.0,0,,,,,,3,In House,,,,,,,,,,,,
210809_4,210809_4,,210809_5,210809_5,210809_4,APOE22HN,male,Sedentary,HFD,34.7,8/15/2020,11/9/2021,15.03,15.0,1.25,11.93333333,15.03,210809_5_alex,A21080904,,,,N60103_m00-m48,N60104,96,30,,,1.0,0,,,,,august2022scans,4,In House,,,,,,,,,,,,
210809_5,210809_5,,210809_6,210809_6,210809_5,APOE22HN,male,Sedentary,HFD,42.0,8/15/2020,11/9/2021,15.03,15.0,1.25,11.93333333,15.03,Deleted_Or_Missing,A21080905,,,,N60097_m00-m48,N60098,96,30,,,1.0,0,,,,,august2022scans,5,In House,,,,,,,,,,,,
210809_6,210809_6,,210809_7,210809_7,210809_6,APOE22HN,male,Sedentary,HFD,30.9,8/15/2020,11/9/2021,15.03,15.0,1.25,11.93333333,15.03,Deleted_Or_Missing,A21080906,,,,,,,,,,1.0,0,,,,,,6,In House,,,,,,,,,,,,
210809_7,210809_7,,210809_8,210809_8,210809_7,APOE22HN,male,Sedentary,HFD,44.9,8/15/2020,11/9/2021,15.03,15.0,1.25,11.93333333,15.03,Deleted_Or_Missing,A21080907,,,,,,,,,,1.0,0,,,,,,7,In House,,,,,,,,,,,,
210817_1,210817_1,,210112_4,210112_4,210817_1,APOE44HN,female,Sedentary,HFD,52.6,4/5/2020,8/16/2021,16.37,16.0,1.36,12.2,16.37,,,,,,N58948_m00-m48,N58949,114,27,,,,,,,,,,2,In House,,,,,,,,,,,,
210817_10,210817_10,,210112_19,210112_19,210817_10,APOE33HN,male,Sedentary,HFD,53.6,4/27/2020,8/18/2021,15.7,16.0,1.31,11.46666667,15.7,,,,,,N59097_m00-m48,N59098,110,26,,,,,,,,,,13,In House,,,,,,,,,,,,
210817_11,210817_11,,210112_20,210112_20,210817_11,APOE33HN,male,Sedentary,HFD,66.2,4/27/2020,8/17/2021,15.67,16.0,1.31,11.46666667,15.67,,,,,,N59099_m00-m48,N59100,109,26,,,,,,,,,,14,In House,,,,,,,,,,,,
210817_12,210817_12,,210112_23,210112_23,210817_12,APOE33HN,female,Sedentary,HFD,54.3,3/9/2020,8/17/2021,17.27,17.0,1.44,13.06666667,17.27,,,,,,N59118_m00-m48,N59119,108,26,,,,,,210112_22,,,,16,In House,,,,,,,,,,,,
210817_13,210817_13,,210112_24,210112_24,210817_13,APOE33HN,female,Sedentary,HFD,52.2,4/28/2020,8/17/2021,15.63,16.0,1.3,11.46666667,15.63,,,,,,N59120_m00-m48,N59121,109,27,,,,,,,,,,17,In House,,,,,,,,,,,,
210817_14,210817_14,,210112_25,210112_25,210817_14,APOE44,male,Sedentary,HFD,51.2,4/5/2020,8/17/2021,16.4,16.0,1.37,12.2,16.4,,,,,,,,,,,,,,,,,,,18,In House,,,,,,,,,,,,
210817_15,210817_15,,210112_28,210112_28,210817_15,APOE44,female,Sedentary,HFD,45.1,4/5/2020,8/17/2021,16.4,16.0,1.37,12.2,16.4,,,,,,,,,,,,,,,,,,,21,In House,,,,,,,,,,,,
210817_16,210817_16,,210112_29,210112_29,210817_16,APOE44,female,Sedentary,HFD,34.6,4/15/2020,8/17/2021,16.07,16.0,1.34,11.86666667,16.07,,,,,,,,,,,,,,,,,,,22,In House,,,,,,,,,,,,
210817_17,210817_17,,210112_1,210112_1,210817_17,APOE44HN,female,Sedentary,HFD,49.3,4/5/2020,8/18/2021,16.43,16.0,1.37,12.2,16.43,,,,,,,,,,,,,,,,,,,23,In House,,,,,,,,,,,,
210817_18,210817_18,,210112_8,210112_8,210817_18,APOE44HN,male,Sedentary,Control,26.6,4/14/2020,8/17/2021,16.1,16.0,1.34,11.9,16.1,,,,,,N59041_m00-m48,N59042,105,26,,,,,,,,,,24,In House,,,,,,,,,,,,
210817_19,210817_19,,210112_12,210112_12,210817_19,APOE44HN,male,Sedentary,HFD,49.9,4/20/2020,8/18/2021,15.93,16.0,1.33,11.7,15.93,,,,,,N58941_m00-m48,N58942,109,26,,,,,,,,,,25,In House,,,,,,,,,,,,
210817_2,210817_2,,210112_5,210112_5,210817_2,APOE44HN,male,Sedentary,Control,28.4,4/14/2020,8/16/2021,16.07,16.0,1.34,11.9,16.07,,,,,,N59072_m00-m48,N59073,109,27,,,,,,,,,,3,In House,,,,,,,,,,,,
210817_3,210817_3,,210112_6,210112_6,210817_3,APOE44HN,male,Sedentary,Control,29.5,4/14/2020,8/16/2021,16.07,16.0,1.34,11.9,16.07,,,,,,N58935_m00-m48,N58936,111,28,,,,,,,,,,4,In House,,,,,,,,,,,,
210817_4,210817_4,,210112_7,210112_7,210817_4,APOE44HN,male,Sedentary,Control,33.4,4/14/2020,8/16/2021,16.07,16.0,1.34,11.9,16.07,,,,,,N59039_m00-m48,N59040,109,28,,,,,,,,,,5,In House,,,,,,,,,,,,
210817_5,210817_5,,210112_9,210112_9,210817_5,APOE44HN,male,Sedentary,HFD,45.3,4/20/2020,8/16/2021,15.87,16.0,1.32,11.7,15.87,,,,,,N58946_m00-m48,N58947,117,28,,,,,,,,,,6,In House,,,,,,,,,,,,
210817_6,210817_6,,210112_14,210112_14,210817_6,APOE44HN,female,Sedentary,Control,30.2,4/20/2020,8/16/2021,15.87,16.0,1.32,11.7,15.87,,,,,,N59033_m00-m48,N59034,109,28,,,,,,,,,,8,In House,,,,,,,,,,,,
210817_7,210817_7,,210112_15,210112_15,210817_7,APOE44HN,female,Sedentary,Control,26.5,4/20/2020,8/16/2021,15.87,16.0,1.32,11.7,15.87,,,,,,N59022_m00-m48,N59023,102,28,,,,,,,,,,9,In House,,,,,,,,,,,,
210817_8,210817_8,,210112_16,210112_16,210817_8,APOE44HN,female,Sedentary,Control,25.5,4/20/2020,8/16/2021,15.87,16.0,1.32,11.7,15.87,,,,,,N59035_m00-m48,N59036,107,27,,,,,,,,,,10,In House,,,,,,,,,,,,
210817_9,210817_9,,210112_17,210112_17,210817_9,APOE44HN,female,Sedentary,Control,25.5,4/28/2020,8/16/2021,15.6,16.0,1.3,11.43333333,15.6,,,,,,N59026_m00-m48,N59027,103,26,,,,,,,,,,11,In House,,,,,,,,,,,,
210906_1,210906_1,,210906_1,210906_1,210906_1,APOE22HN,female,Sedentary,Control,23.5,9/6/2020,11/10/2021,14.33,14.0,1.166666667,12.13333333,14.33,Deleted_Or_Missing,A21090601,,,,N60163_m00-m48,N60164,81,28,,,1.0,0,,,,,October2022scan,8,In House,,,,,,,,,,,,
210906_10,210906_10,,210906_10,210906_10,210906_10,APOE44,female ,Sedentary,HFD,42.7,9/7/2020,11/16/2021,14.5,15.0,1.25,12.1,14.5,210906_10,A21090610,,,,,,,,,,1.0,0,,,,,,17,In House,,,,,,,,,,,,
210906_11,210906_11,,210906_11,210906_11,210906_11,APOE44,female ,Sedentary,HFD,29.4,9/7/2020,11/16/2021,14.5,15.0,1.25,12.1,14.5,210906_11,A21090611,,,,,,,,,,1.0,0,,,,,,18,In House,,,,,,,,,,,,
210906_12,210906_12,,210906_12,210906_12,210906_12,APOE44,female,Sedentary,HFD,36.3,9/7/2020,11/16/2021,14.5,15.0,1.25,12.1,14.5,210906_12,A21090612,,,,,,,,,,1.0,0,,,,,,19,In House,,,,,,,,,,,,
210906_13,210906_13,,210906_13,210906_13,210906_13,APOE44,female,Sedentary,HFD,33.0,9/7/2020,11/16/2021,14.5,15.0,1.25,12.1,14.5,210906_13_18abb11,A21090613,,,,,,,,,,1.0,0,,,,,,20,In House,,,,,,,,,,,,
210906_14,210906_14,,210906_14,210906_14,210906_14,APOE44,female,Sedentary,HFD,28.2,10/2/2020,11/16/2021,13.67,14.0,1.166666667,11.26666667,13.67,Deleted_Or_Missing,A21090614,,,,,,,,,,1.0,0,,,,,,21,In House,,,,,,,,,,,,
210906_15,210906_15,,210906_15,210906_15,210906_15,APOE44,female,Sedentary,HFD,35.2,10/2/2020,11/17/2021,13.7,14.0,1.166666667,11.26666667,13.7,Deleted_Or_Missing,A21090615,,,,,,,,,,1.0,0,,,,,,22,In House,,,,,,,,,,,,
210906_16,210906_16,,210906_16,210906_16,210906_16,APOE44,female ,Sedentary,HFD,33.5,10/2/2020,11/17/2021,13.7,14.0,1.166666667,11.26666667,13.7,Deleted_Or_Missing,A21090616,,,,,,,,,,1.0,0,,,,,,23,In House,,,,,,,,,,,,
210906_17,210906_17,,210906_17,210906_17,210906_17,APOE44,female,Sedentary,HFD,25.7,10/2/2020,11/17/2021,13.7,14.0,1.166666667,11.26666667,13.7,Deleted_Or_Missing,A21090617,,,,,,,,,,1.0,0,,,,,,24,In House,,,,,,,,,,,,
210906_18,210906_18,,210906_18,210906_18,210906_18,APOE44,female ,Sedentary,HFD,34.5,10/2/2020,11/17/2021,13.7,14.0,1.166666667,11.26666667,13.7,Deleted_Or_Missing,A21090618,,,,,,,,,,1.0,0,,,,,,25,In House,,,,,,,,,,,,
210906_2,210906_2,,210906_2,210906_2,210906_2,APOE22HN,female,Sedentary,Control,22.0,9/6/2020,11/10/2021,14.33,14.0,1.166666667,12.13333333,14.33,Deleted_Or_Missing,A21090602,,,,N60169_m00-m48,N60170,84,31,,,1.0,0,,,,,October2022scan,9,In House,,,,,,,,,,,,
210906_3,210906_3,,210906_3,210906_3,210906_3,APOE22HN,female,Sedentary,Control,27.0,9/6/2020,11/10/2021,14.33,14.0,1.166666667,12.13333333,14.33,Deleted_Or_Missing,A21090603,,,,N60190_m00-m48,N60191,82,28,,,1.0,0,,,,,November2022scans,10,In House,,,,,,,,,,,,
210906_4,210906_4,,210906_4,210906_4,210906_4,APOE22HN,female,Sedentary,Control,26.1,9/6/2020,11/9/2021,14.3,14.0,1.166666667,12.13333333,14.3,210906_4,A21090604,,,,N60188_m00-m48,N60189,88,29,,,1.0,0,,,,,November2022scans,11,In House,,,,,,,,,,,,
210906_5,210906_5,,210906_5,210906_5,210906_5,APOE22HN,female,Sedentary,Control,26.1,9/6/2020,11/10/2021,14.33,14.0,1.166666667,12.13333333,14.33,Deleted_Or_Missing,A21090605,,,,N60200_m00-m48,N60201,81,29,,,1.0,0,,,,,November2022scans,12,In House,,,,,,,,,,,,
210906_6,210906_6,,210906_6,210906_6,210906_6,APOE22HN,male,Sedentary,Control,34.5,9/27/2020,11/10/2021,13.63,14.0,1.166666667,11.43333333,13.63,Did_Not_Record_In_Bruker_Labbook,A21090606,,,,N60192_m00-m48,N60193,88,29,,,1.0,0,,,,,November2022scans,13,In House,,,,,,,,,,,,
210906_7,210906_7,,210906_7,210906_7,210906_7,APOE22HN,female,Sedentary,Control,25.7,9/20/2020,11/9/2021,13.83,14.0,1.166666667,11.66666667,13.83,210906_7,A21090607,,,,,,,,,,1.0,0,,,,,,14,In House,,,,,,,,,,,,
210906_8,210906_8,,210906_8,210906_8,210906_8,APOE22HN,female,Sedentary,Control,27.8,9/20/2020,11/9/2021,13.83,14.0,1.166666667,11.66666667,13.83,210906_8,A21090608,,,,,,,,,,1.0,0,,,,,,15,In House,,,,,,,,,,,,
210906_9,210906_9,,210906_9,210906_9,210906_9,APOE44,female ,Sedentary,HFD,37.3,9/7/2020,11/16/2021,14.5,15.0,1.25,12.1,14.5,210906_9,A21090609,,,,,,,,,,1.0,0,,,,,,16,In House,,,,,,,,,,,,
210906_19,210906_19,,210906_19,210906_19,,APOE44,male,Sedentary,HFD,50.0,10/3/2020,1/6/2022,15.33333333,15.0,1.277777778,15.33333333,,,,,,,,,,,,RNA,0.0,,,,,,RNA Brain punches samples collection,62,,,,,,,,,,,,,
210906_20,210906_20,,210906_20,210906_20,,APOE44,male,Sedentary,HFD,54.0,10/3/2020,1/6/2022,15.33333333,15.0,1.277777778,15.33333333,,,,,,,,,,,,RNA,0.0,,,,,,RNA Brain punches samples collection,63,,,,,,,,,,,,,
210906_21,210906_21,,210906_21,210906_21,,APOE44,male,Sedentary,HFD,49.0,10/3/2020,1/6/2022,15.33333333,15.0,1.277777778,15.33333333,,,,,,,,,,,,RNA,0.0,,,,,,RNA Brain punches samples collection,64,,,,,,,,,,,,,
210906_22,210906_22,,210906_22,210906_22,,APOE44,male,Sedentary,HFD,57.0,10/3/2020,1/6/2022,15.33333333,15.0,1.277777778,15.33333333,,,,,,,,,,,,frozen the whole brain,0.0,,,,,,RNA Brain punches samples collection,65,,,,,,,,,,,,,
210906_23,210906_23,,210906_23,210906_23,,APOE44,female,Sedentary ,Control ,25.0,9/30/2020,1/5/2022,15.4,15.0,1.283333333,15.4,,,,,,,,,,,,RNA,0.0,,,,,,RNA Brain punches samples collection,68,,,,,,,,,,,,,
210906_24,210906_24,,210906_24,210906_24,,APOE44,female,Sedentary ,Control ,24.0,9/30/2020,1/5/2022,15.4,15.0,1.283333333,15.4,,,,,,,,,,,,RNA,0.0,,,,,,RNA Brain punches samples collection,69,,,,,,,,,,,,,
211001_1,211001_1,,210503_18,210503_18,211001_1,APOE22,male,Sedentary,Control,38.6,5/11/2020,9/30/2021,16.63,17.0,1.39,11.86666667,16.63,,,,,,,,,,,,,,,,,,,1,In House,,,,,,,,,,,,
211001_10,211001_10,,210614_8,210614_8,211001_10,APOE33HN,male ,Sedentary,HFD,52.1,6/19/2020,10/5/2021,15.77,16.0,1.333333333,11.96666667,15.77,,,,,,N59136_m00-m48,N59137,108,27,,,,,,211001_10,,,,11,In House,,,,,,,,,,,,
211001_11,211001_11,,210614_9,210614_9 ,211001_11,APOE33HN,male ,Sedentary,HFD,47.3,6/19/2020,10/5/2021,15.77,16.0,1.333333333,11.96666667,15.77,,,,,,N59140_m00-m48,N59139,106,26,,,,,,211001_11,,,,12,In House,,,,,,,,,,,,
211001_12,211001_12,,210614_10,210614_10 ,211001_12,APOE33HN,male ,Sedentary,HFD,46.4,6/19/2020,10/5/2021,15.77,16.0,1.333333333,11.96666667,15.77,,,,,,,,,,,,,,,,,,,13,In House,,,,,,,,,,,,
211001_13,211001_13,,210614_11,210614_11 ,211001_13,APOE33HN,male ,Sedentary,HFD,45.2,6/19/2020,10/5/2021,15.77,16.0,1.333333333,11.96666667,15.77,,,,,,,,,,,,,,,211001_13,,,,14,In House,,,,,,,,,,,,
211001_14,211001_14,,210614_12,210614_12 ,211001_14,APOE33HN,male,Sedentary,HFD,47.1,6/19/2020,10/5/2021,15.77,16.0,1.333333333,11.96666667,15.77,,,,,,,,,,,,,,,,,,,15,In House,,,,,,,,,,,,
211001_15,211001_15,,210614_22,210614_22 ,211001_15,APOE33HN,male,Sedentary,Control,34.6,6/19/2020,10/5/2021,15.77,16.0,1.333333333,11.96666667,15.77,,,,,,,,,,,,,,,211001_15,,,,16,In House,,,,,,,,,,,,
211001_16,211001_16,,210614_23,210614_23 ,211001_16,APOE33HN,male,Sedentary,Control,33.0,6/19/2020,10/5/2021,15.77,16.0,1.333333333,11.96666667,15.77,,,,,,,,,,,,,,,211001_16,,,,17,In House,,,,,,,,,,,,
211001_17,211001_17,,210614_24,210614_24 ,211001_17,APOE33HN,male,Sedentary,Control,35.0,6/19/2020,10/5/2021,15.77,16.0,1.333333333,11.96666667,15.77,,,,,,,,,,,,,,,,,,,18,In House,,,,,,,,,,,,
211001_18,211001_18,,210614_25,210614_25 ,211001_18,APOE33HN,male,Sedentary,Control,32.8,6/19/2020,10/5/2021,15.77,16.0,1.333333333,11.96666667,15.77,,,,,,,,,,,,,,,211001_18,,,,19,In House,,,,,,,,,,,,
211001_19,211001_19,,210614_26,210614_26 ,211001_19,APOE33HN,male,Sedentary,Control,36.8,6/19/2020,10/5/2021,15.77,16.0,1.333333333,11.96666667,15.77,,,,,,,,,,,,,,,,,,,20,In House,,,,,,,,,,,,
211001_2,211001_2,,210503_19,210503_19,211001_2,APOE22,male,Sedentary,Control,33.1,5/11/2020,9/30/2021,16.63,17.0,1.39,11.86666667,16.63,,,,,,,,,,,,,,,,,,,2,In House,,,,,,,,,,,,
211001_20,211001_20,,210614_13,210614_13 ,211001_20,APOE33HN,female ,Sedentary,HFD,44.8,6/19/2020,10/7/2017,15.83,16.0,1.333333333,11.96666667,15.83,,,,,,N59141_m00-m48,N59142,111,26,,,,,,,,,,21,In House,,,,,,,,,,,,
211001_21,211001_21,,210614_14,210614_14 ,211001_21,APOE33HN,female ,Sedentary,HFD,53.8,6/19/2020,10/7/2017,15.83,16.0,1.333333333,11.96666667,15.83,,,,,,N60223_m00-m48,N60224,87,30,,,,,,211001_21,,,December2022scans,22,In House,,,,,,,,,,,,
211001_22,211001_22,,210614_15,210614_15 ,211001_22,APOE33HN,female ,Sedentary,HFD,46.0,6/19/2020,10/7/2017,15.83,16.0,1.333333333,11.96666667,15.83,,,,,,,,,,,,,,,211001_22,,,,23,In House,,,,,,,,,,,,
211001_23,211001_23,,210614_16,210614_16 ,211001_23,APOE33HN,female ,Sedentary,HFD,47.1,6/19/2020,10/7/2017,15.83,16.0,1.333333333,11.96666667,15.83,,,,,,,,,,,,,,,211001_23,,,,24,In House,,,,,,,,,,,,
211001_24,211001_24,,210614_31,210614_31 ,211001_24,APOE33HN,female ,Sedentary,HFD,52.0,6/19/2020,10/7/2017,15.83,16.0,1.333333333,11.96666667,15.83,,,,,,,,,,,,,,,,,,,25,In House,,,,,,,,,,,,
211001_25,211001_25,,210614_7,210614_7 ,211001_25,APOE22HN,male,Sedentary,HFD,31.2,6/28/2020,10/4/2021,15.43,15.0,1.25,11.66666667,15.43,,,,,,,,,,,,,,,,,,,27,In House,,,,,,,,,,,,
211001_26,211001_26,,210614_17,210614_17 ,211001_26,APOE33HN,female,Sedentary,Control,26.7,6/15/2020,10/4/2021,15.87,16.0,1.333333333,12.1,15.87,,,,,,N60133_m00-m48,N60134,96,31,,,,,,,,,Sep2022scans,28,In House,,,,,,,,,,,,
211001_27,211001_27,,210614_18,210614_18 ,211001_27,APOE33HN,female,Sedentary,Control,26.8,6/15/2020,10/4/2021,15.87,16.0,1.333333333,12.1,15.87,,,,,,N60137_m00-m48,N60138,93,32,,,,,,,,,Sep2022scans,29,In House,,,,,,,,,,,,
211001_28,211001_28,,210614_19,210614_19 ,211001_28,APOE33HN,female,Sedentary,Control,28.7,6/15/2020,10/4/2021,15.87,16.0,1.333333333,12.1,15.87,,,,,,N60219_m00-m48,N60220,102,31,,,,,,,,,December2022scans,30,In House,,,,,,,,,,,,
211001_29,211001_29,,210614_20,210614_20 ,211001_29,APOE33HN,female,Sedentary,Control,30.0,6/15/2020,10/4/2021,15.87,16.0,1.333333333,12.1,15.87,,,,,,,,,,,,,,,,,,,31,In House,,,,,,,,,,,,
211001_3,211001_3,,210503_20,210503_20,211001_3,APOE22,male,Sedentary,Control,36.2,5/11/2020,9/30/2021,16.63,17.0,1.39,11.86666667,16.63,,,,,,,,,,,,,,,,,,,3,In House,,,,,,,,,,,,
211001_30,211001_30,,210614_21,210614_21,211001_30,APOE33HN,female,Sedentary,Control,34.3,6/15/2020,10/4/2021,15.87,16.0,1.333333333,12.1,15.87,,,,,,N60198_m00-m48,N60199,90,30,,,,,,,,,November2022scans,32,In House,,,,,,,,,,,,
211001_31,211001_31,,210614_27,210614_27 ,211001_31,APOE33HN,male,Sedentary,Control,31.8,6/27/2020,10/4/2021,15.47,15.0,1.25,11.7,15.47,,,,,,,,,,,,,,,,,,,33,In House,,,,,,,,,,,,
211001_32,211001_32,,210614_28,210614_28 ,211001_32,APOE33HN,male,Sedentary,Control,33.3,6/27/2020,10/4/2021,15.47,15.0,1.25,11.7,15.47,,,,,,N60221_m00-m48,N60222,89,30,,,,,,,,,December2022scans,34,In House,,,,,,,,,,,,
211001_33,211001_33,,210614_29,210614_29 ,211001_33,APOE33HN,male,Sedentary,Control,32.0,6/27/2020,10/4/2021,15.47,15.0,1.25,11.7,15.47,,,,,,,,,,,,,,,,,,,35,In House,,,,,,,,,,,,
211001_34,211001_34,,210614_30,210614_30 ,211001_34,APOE33HN,male,Sedentary,Control,29.5,6/27/2020,10/4/2021,15.47,15.0,1.25,11.7,15.47,,,,,,,,,,,,,,,,,,,36,In House,,,,,,,,,,,,
211001_35,211001_35,,211001_35,Cage 1414913_1,211001_35,CVN,male ,Sedentary,Control,28.6,9/6/2020,10/6/2021,13.16666667,13.0,1.097222222,,,,,,,,,,,,,,,,,,,,,37,Colton lab,,,,,,,,,,,,
211001_36,211001_36,,211001_36,Cage 1248386_1,211001_36,CVN,male ,Sedentary,Control,29.1,9/12/2020,10/6/2021,12.96666667,13.0,1.080555556,,,,,,,,,,,,,,,,,,,,,38,Colton lab,,,,,,,,,,,,
211001_37,211001_37,,211001_37,Cage 1248386_2,211001_37,CVN,male,Sedentary,Control,28.5,9/12/2020,10/6/2021,12.96666667,13.0,1.080555556,,,,,,,,,,,,,,,,,,,,,39,Colton lab,,,,,,,,,,,,
211001_38,211001_38,,211001_38,Cage 1248386_3,211001_38,CVN,male ,Sedentary,Control,29.6,9/12/2020,10/6/2021,12.96666667,13.0,1.080555556,,,,,,,,,,,,,,,,,,,,,40,Colton lab,,,,,,,,,,,,
211001_39,211001_39,,211001_39,Cage 1248386_4,211001_39,CVN,male ,Sedentary,Control,26.1,9/12/2020,10/6/2021,12.96666667,13.0,1.080555556,,,,,,,,,,,,,,,,,,,,,41,Colton lab,,,,,,,,,,,,
211001_4,211001_4,,210503_21,210503_21,211001_4,APOE22,female,Sedentary,Control,28.8,5/11/2020,9/30/2021,16.63,17.0,1.39,11.86666667,16.63,,,,,,,,,,,,,,,,,,,4,In House,,,,,,,,,,,,
211001_40,211001_40,,211001_40,Cage 1170422_1,211001_40,CVN,male ,Sedentary,Control,31.9,9/27/2020,10/6/2021,12.46666667,12.0,1.038888889,,,,,,,,,,,,,,,,,,,,,42,Colton lab,,,,,,,,,,,,
211001_41,211001_41,,211001_41,Cage 1170422_2,211001_41,CVN,male ,Sedentary,Control,32.4,9/27/2020,10/6/2021,12.46666667,12.0,1.038888889,,,,,,,,,,,,,,,,,,,,,43,Colton lab,,,,,,,,,,,,
211001_42,211001_42,,211001_42,Cage 1170422_3,211001_42,CVN,male ,Sedentary,Control,30.6,9/27/2020,10/6/2021,12.46666667,12.0,1.038888889,,,,,,,,,,,,,,,,,,,,,44,Colton lab,,,,,,,,,,,,
211001_43,211001_43,,211001_43,Cage 1170422_4,211001_43,CVN,male ,Sedentary,Control,29.3,9/27/2020,10/6/2021,12.46666667,12.0,1.038888889,,,,,,,,,,,,,,,,,,,,,45,Colton lab,,,,,,,,,,,,
211001_44,211001_44,,211001_44,Cage 1170422_5,211001_44,CVN,male ,Sedentary,Control,32.4,9/27/2020,10/6/2021,12.46666667,12.0,1.038888889,,,,,,,,,,,,,,,,,,,,,46,Colton lab,,,,,,,,,,,,
211001_5,211001_5,,210503_22,210503_22,211001_5,APOE22,female,Sedentary,Control,25.8,5/11/2020,9/30/2021,16.63,17.0,1.39,11.86666667,16.63,,,,,,,,,,,,,,,,,,,5,In House,,,,,,,,,,,,
211001_6,211001_6,,210614_2,210614_2,211001_6,APOE22HN,female,Sedentary,HFD,40.9,6/28/2020,9/30/2021,15.07,15.0,1.26,11.66666667,15.07,,,,,,N60056_m00-m48,N60057,100,33,MRSOLUTIONS,,,,,,,,july2022scans,6,In House,,,,,,,,,,,,
211001_7,211001_7,,210614_3,210614_3,211001_7,APOE22HN,female,Sedentary,HFD,33.9,6/28/2020,9/30/2021,15.07,15.0,1.26,11.66666667,15.07,,,,,,N60058_m00-m48,N60059,97,31,MRSOLUTIONS,,,,,,,,july2022scans,7,In House,,,,,,,,,,,,
211001_8,211001_8,,210614_4,210614_4,211001_8,APOE22HN,female,Sedentary,HFD,27.3,6/28/2020,9/30/2021,15.07,15.0,1.26,11.66666667,15.07,,,,,,N60060_m00-m48,N60061,99,30,MRSOLUTIONS,,,,,,,,july2022scans,8,In House,,,,,,,,,,,,
211001_9,211001_9,,210614_5,210614_5,211001_9,APOE22HN,female,Sedentary,HFD,28.2,6/28/2020,9/30/2021,15.07,15.0,1.26,11.66666667,15.07,,,,,,N60062_m00-m48,N60063,85,31,MRSOLUTIONS,,,,,,,,july2022scans,9,In House,,,,,,,,,,,,
211004_1,211004_1,,211004_1,211004_1,211004_1,APOE33,male ,Sedentary,Control,37.1,10/14/2020,11/1/2021,13.17,13.0,1.083333333,12.2,13.17,DIED,A21100401,,,,N58997-m00-m48,N58998,103,26, ,,1.0,0,,,,,,26,In House,,,,,,,,,,,,
211004_10,211004_10,,211004_15,211004_15,211004_10,APOE44HN,male,Sedentary,HFD,40.7,10/4/2020,11/30/2021,14.07,14.0,1.166666667,12.13333333,14.07,211004_15_18abb11,A21100410,,,,,,,,,,1.0,0,,,,,,35,In House,,,,,,,,,,,,
211004_11,211004_11,,211004_16,211004_16,211004_11,APOE44HN,male ,Sedentary,HFD,43.5,10/4/2020,11/30/2021,14.07,14.0,1.166666667,12.13333333,14.07,211004_16_18abb11,A21100411,,,,,,,,,,1.0,0,,,,,,36,In House,,,,,,,,,,,,
211004_12,211004_12,,211004_17,211004_17,211004_12,APOE44HN,male ,Sedentary,HFD,45.3,10/4/2020,11/30/2021,14.07,14.0,1.166666667,12.13333333,14.07,211004_17_18abb11,A21100412,,,,,,,,,,1.0,0,,,,,,37,In House,,,,,,,,,,,,
211004_13,211004_13,,211004_10,211004_10,211004_13,APOE44HN,female ,Sedentary,Control,25.6,10/4/2020,11/30/2021,14.07,14.0,1.166666667,12.13333333,14.07,211004_10_18abb11,A21100413,,,,N59076_m00-m48,N59077,103,24,,,1.0,0,,,,,,38,In House,,,,,,,,,,,,
211004_14,211004_14,,211004_11,211004_11,211004_14,APOE44HN,female ,Sedentary,Control,27.4,10/4/2020,11/30/2021,14.07,14.0,1.166666667,12.13333333,14.07,211004_11_18abb11,A21100414,,,,N60157_m00-m48,N60158,109,32,,,1.0,0,,,,,October2022scan,39,In House,,,,,,,,,,,,
211004_15,211004_15,,211004_12,211004_12,211004_15,APOE44HN,female ,Sedentary,Control,21.3,10/4/2020,12/1/2021,14.1,14.0,1.166666667,12.13333333,14.1,211004_12_18abb11,A21100415,,,,N60159_m00-m48,N60160,93,32,,,1.0,0,,,,,October2022scan,40,In House,,,,,,,,,,,,
211004_16,211004_16,,211004_13,211004_13,211004_16,APOE44HN,female ,Sedentary,Control,22.8,10/4/2020,12/1/2021,14.1,14.0,1.166666667,12.13333333,14.1,211004_13_18abb11,A21100416,,,,,,,,,,1.0,0,,,,,,41,In House,,,,,,,,,,,,
211004_2,211004_2,,211004_2,211004_2,211004_2,APOE33,male ,Sedentary,Control,36.3,10/14/2020,11/1/2021,13.17,13.0,1.083333333,12.2,13.17,DIED,A21100402,,,,N58999-m00-m48,N59000,97,23, ,,1.0,0,,,,,,27,In House,,,,,,,,,,,,
211004_3,211004_3,,211004_3,211004_3,211004_3,APOE33,male ,Sedentary,Control,37.2,10/2/2020,11/1/2021,12.77,13.0,1.083333333,11.8,12.77,DIED,A21100403,,,,N59010-m00-m48,N59011,83,21, ,,1.0,0,,,,,,28,In House,,,,,,,,,,,,
211004_4,211004_4,,211004_19,211004_19,211004_4,APOE44,male ,Sedentary,Control,31.0,4/5/2020,11/16/2021,19.67,20.0,1.666666667,18.2,19.67,211001_19_18abb11,A21100404,,,,,,,,,,1.0,0,,,,,,29,In House,,,,,,,,,,,,
211004_5,211004_5,,211004_20,211004_20,211004_5,APOE44,female ,Sedentary,Control,29.3,4/5/2020,11/16/2021,19.67,20.0,1.666666667,18.2,19.67,211001_20_18abb11_111621_1_2,A21100405,,,,,,,,,,1.0,0,,,,,,30,In House,,,,,,,,,,,,
211004_6,211004_6,,211004_21,211004_21,211004_6,APOE44HN,male ,Sedentary,Control,29.2,4/20/2020,11/16/2021,19.17,19.0,1.583333333,17.7,19.17,Deleted_Or_Missing,A21100406,,,,,,,,,,1.0,0,,,,,,31,In House,,,,,,,,,,,,
211004_7,211004_7,,211004_5,211004_5,211004_7,APOE33,female,Sedentary,HFD,46.6,10/2/2020,11/30/2021,14.13,14.0,1.166666667,12.2,14.13,211004_5_18abb11,A21100407,,,,,,,,,,1.0,0,,,,,,32,In House,,,,,,,,,,,,
211004_8,211004_8,,211004_9,211004_9,211004_8,APOE33,female,Sedentary,HFD,42.6,10/14/2020,11/30/2021,13.73,14.0,1.166666667,11.8,13.73,211004_9_18abb11,A21100408,,,,,,,,,,1.0,0,,,,,,33,In House,,,,,,,,,,,,
211004_9,211004_9,,211004_14,211004_14,211004_9,APOE44HN,male ,Sedentary,HFD,43.1,10/4/2020,11/30/2021,14.07,14.0,1.166666667,12.13333333,14.07,211004_14_18abb11,A21100409,,,,N59078_m00-m48,N59079,105,24,,,1.0,0,,,,,,34,In House,,,,,,,,,,,,
211122_1,211122_1,,211122_1,211122_1,211122_1,APOE22HN,female ,Sedentary,HFD,37.0,11/15/2020,1/19/2022,14.33,14.0,1.166666667,12.4,14.33,211122_1_apoe_b,A21112201,,,,N60064_m00-m48,N60065,80,29,MRSOLUTIONS,,1.0,0,,,,,july2022scans,1,In House,,,,,,,,,,,,
211122_10,211122_10,,211122_10,211122_10,211122_10,APOE22HN,male,Sedentary,Control,31.0,11/7/2020,1/20/2022,14.63,15.0,1.25,12.66666667,14.63,211122_10,A21112210,,,,N60167_m00-m48,N60168,90,31,,,1.0,0,,,,,October2022scan,10,In House,,,,,,,,,,,,
211122_11,211122_11,,211122_11,211122_11,211122_11,APOE22HN,male,Sedentary,Control,31.0,11/7/2020,1/20/2022,14.63,15.0,1.25,12.66666667,14.63,211122_11,A21112211,,,,N60194_m00-m48,N60195,87,31,,,1.0,0,,,,,November2022scans,11,In House,,,,,,,,,,,,
211122_12,211122_12,,211122_12,211122_12,211122_12,APOE22HN,male,Sedentary,Control,30.0,11/7/2020,1/20/2022,14.63,15.0,1.25,12.66666667,14.63,211122_12,A21112212,,,,,,,,,,1.0,0,,,,,,12,In House,,,,,,,,,,,,
211122_13,211122_13,,211122_13,211122_13,211122_13,APOE22HN,male,Sedentary,Control,33.0,11/17/2020,1/26/2022,14.5,15.0,1.25,12.33333333,14.5,211122_13,A21112213,,,,,,,,,,1.0,0,,,,,,13,In House,,,,,,,,,,,,
211122_14,211122_14,,211122_14,211122_14,211122_14,APOE22HN,male,Sedentary,Control,31.0,11/17/2020,1/26/2022,14.5,15.0,1.25,12.33333333,14.5,211122_14,A21112214,,,,,,,,,,1.0,0,,,,,,14,In House,,,,,,,,,,,,
211122_15,211122_15,,211122_15,211122_15,211122_15,APOE22HN,male,Sedentary,Control,29.0,11/19/2020,1/26/2022,14.43,14.0,1.166666667,12.26666667,14.43,211122_15,A21112215,,,,,,,,,,1.0,0,,,,,,15,In House,,,,,,,,,,,,
211122_16,211122_16,,211122_16,211122_16,211122_16,APOE22HN,male,Sedentary,Control,32.0,11/19/2020,1/27/2022,14.47,14.0,1.166666667,12.26666667,14.47,211122_16_apoe,A21112216,,,,,,,,,,1.0,0,,,,,,16,In House,,,,,,,,,,,,
211122_2,211122_2,,211122_2,211122_2,211122_2,APOE22HN,female ,Sedentary,HFD,38.0,11/15/2020,1/19/2022,14.33,14.0,1.166666667,12.4,14.33,211122_2,A21112202,,,,N60101_m00-m48,N60102,88,30,,,1.0,0,,,,,august2022scans,2,In House,,,,,,,,,,,,
211122_23,211122_23,,211122_23,211122_23,211122_23,APOE22HN,male,Sedentary,Control,31.0,5/11/2020,1/26/2022,20.83,21.0,1.75,18.66666667,20.83,211122_23,A21112223,,,,,,,,,,1.0,0,,,,,,17,In House,,,,,,,,,,,,
211122_24,211122_24,,211122_24,211122_24,211122_24,APOE22HN,male,Sedentary,Control,31.0,6/16/2020,1/26/2022,19.63,20.0,1.666666667,17.46666667,19.63,211122_24,A21112224,,,,,,,,,,1.0,0,,,,,,18,In House,,,,,,,,,,,,
211122_25,211122_25,,211122_25,211122_25,211122_25,APOE22HN,male,Sedentary,Control,33.0,6/16/2020,1/27/2022,19.67,20.0,1.666666667,17.46666667,19.67,211122_25,A21112225,,,,,,,,,,1.0,0,,,,,,19,In House,,,,,,,,,,,,
211122_26,211122_26,,211122_26,211122_26,211122_26,APOE22HN,female ,Sedentary,Control,32.0,6/16/2020,1/27/2022,19.67,20.0,1.666666667,17.46666667,19.67,211122_26,A21112226,,,,,,,,,,1.0,0,,,,,,20,In House,,,,,,,,,,,,
211122_27,211122_27,,211122_27,211122_27,211122_27,APOE22HN,female ,Sedentary,Control,27.0,6/16/2020,1/27/2022,19.67,20.0,1.666666667,17.46666667,19.67,211122_27,A21112227,,,,,,,,,,1.0,0,,,,,,21,In House,,,,,,,,,,,,
211122_28,211122_28,,211122_28,211122_28,211122_28,APOE22HN,female ,Sedentary,Control,26.0,3/10/2020,1/27/2022,22.93,23.0,1.916666667,20.73333333,22.93,211122_28,A21112228,,,,,,,,,,1.0,0,,,,,,22,In House,,,,,,,,,,,,
211122_3,211122_3,,211122_3,211122_3,211122_3,APOE22HN,female ,Sedentary,HFD,39.0,11/15/2020,1/19/2022,14.33,14.0,1.166666667,12.4,14.33,211122_3,A21112203,,,,,,,,,,1.0,0,,,,,,3,In House,,,,,,,,,,,,
211122_4,211122_4,,211122_4,211122_4,211122_4,APOE22HN,female ,Sedentary,HFD,34.0,11/19/2020,1/19/2022,14.2,14.0,1.166666667,12.3,14.2,211122_4_apoe_bb,A21112204,,,,N60093_m00-m48,N60094,85,30,,,1.0,0,,,,,august2022scans,4,In House,,,,,,,,,,,,
211122_5,211122_5,,211122_5,211122_5,211122_5,APOE22HN,female ,Sedentary,HFD,32.0,11/7/2020,1/19/2022,14.6,15.0,1.25,12.66666667,14.6,211122_5,A21112205,,,,,,,,,,1.0,0,,,,,,5,In House,,,,,,,,,,,,
211122_6,211122_6,,211122_6,211122_6,211122_6,APOE22HN,female ,Sedentary,HFD,38.0,11/7/2020,1/19/2022,14.6,15.0,1.25,12.66666667,14.6,211122_6,A21112206,,,,,,,,,,1.0,0,,,,,,6,In House,,,,,,,,,,,,
211122_7,211122_7,,211122_7,211122_7,211122_7,APOE22HN,female ,Sedentary,HFD,45.0,11/11/2020,1/20/2022,14.5,15.0,1.25,12.53333333,14.5,211122_7,A21112207,,,,,,,,,,1.0,0,,,,,,7,In House,,,,,,,,,,,,
211122_8,211122_8,,211122_8,211122_8,211122_8,APOE22HN,female ,Sedentary,HFD,33.0,11/11/2020,1/20/2022,14.5,15.0,1.25,12.53333333,14.5,211122_8_apoe_18abb11_apoe,A21112208,,,,,,,,,,1.0,0,,,,,,8,In House,,,,,,,,,,,,
211122_9,211122_9,,211122_9,211122_9,211122_9,APOE22HN,male,Sedentary,Control,29.0,11/7/2020,1/20/2022,14.63,15.0,1.25,12.66666667,14.63,211122_9_apoe_b_11abb11,A21112209,,,,N60161_m00-m48,N60162,84,29,,,1.0,0,,,,,October2022scan,9,In House,,,,,,,,,,,,
211122_17,211122_17,,211122_17,211122_17,,APOE33HN,female,Sedentary ,Control ,26.0,11/23/2020,2/10/2022,14.8,15.0,1.233333333,14.8,,,,,,,,,,,,RNA,0.0,,,,,,RNA Brain punches samples collection,19,,,,,,,,,,,,,
211122_18,211122_18,,211122_18,211122_18,,APOE33HN,female,Sedentary ,Control ,29.0,11/23/2020,2/10/2022,14.8,15.0,1.233333333,14.8,,,,,,,,,,,,frozen the whole brain,0.0,,,,,,RNA Brain punches samples collection,20,,,,,,,,,,,,,
211122_19,211122_19,,211122_19,211122_19,,APOE33HN,female,Sedentary ,Control ,29.0,11/23/2020,2/10/2022,14.8,15.0,1.233333333,14.8,,,,,,,,,,,,frozen the whole brain,0.0,,,,,,RNA Brain punches samples collection,21,,,,,,,,,,,,,
211122_20,211122_20,,211122_20,211122_20,,APOE33HN,female,Sedentary ,Control ,31.0,11/23/2020,2/10/2022,14.8,15.0,1.233333333,14.8,,,,,,,,,,,,RNA,0.0,,,,,,RNA Brain punches samples collection,22,,,,,,,,,,,,,
211122_21,211122_21,,211122_21,211122_21,,APOE33HN,female,Sedentary ,Control ,30.0,11/23/2020,2/10/2022,14.8,15.0,1.233333333,14.8,,,,,,,,,,,,RNA,0.0,,,,,,RNA Brain punches samples collection,23,,,,,,,,,,,,,
220107_1,220107_1,,220107_1,220107_1,,APOE44,male,Sedentary ,Control ,30.0,9/30/2020,1/7/2022,15.46666667,15.0,1.288888889,15.46666667,,,,,,,,,,,,RNA,0.0,,,,,,RNA Brain punches samples collection,58,,,,,,,,,,,,,
220107_2 ,220107_2 ,,220107_2,220107_2 ,,APOE22HN,female,Sedentary ,Control ,25.0,10/12/2020,1/7/2022,15.06666667,15.0,1.255555556,15.06666667,,,,,,,,,,,,RNA,0.0,,,,,,RNA Brain punches samples collection,51,,,,,,,,,,,,,
220107_3 ,220107_3 ,,220107_3,220107_3 ,,APOE22HN,female,Sedentary ,Control ,23.0,10/12/2020,1/7/2022,15.06666667,15.0,1.255555556,15.06666667,,,,,,,,,,,,RNA,0.0,,,,,,RNA Brain punches samples collection,52,,,,,,,,,,,,,
220107_4 ,220107_4 ,,220107_4,220107_4 ,,APOE22HN,female,Sedentary ,Control ,30.0,11/15/2020,1/7/2022,13.93333333,14.0,1.161111111,13.93333333,,,,,,,,,,,,frozen the whole brain,0.0,,,,,,RNA Brain punches samples collection,50,,,,,,,,,,,,,
220110_1,220110_1,,220110_1,220110_1,220110_1,APOE22HN,male,Sedentary,HFD,47.0,1/6/2021,2/23/2022,13.77,14.0,1.166666667,12.3,13.77,220110_1,A22011001,,,,N60088_m00-m48,N60089,43,27,,,1.0,0,,,,,august2022scans,1,In House,,,,,,,,,,,,
220110_10,220110_10,,220110_10,220110_10,220110_10,APOE22HN,female ,Sedentary,Control,27.0,1/4/2021,2/24/2022,13.87,14.0,1.166666667,12.36666667,13.87,220110_10,A22011010,,,,,,,,,,1.0,0,,,,,,10,In House,,,,,,,,,,,,
220110_11,220110_11,,220110_11,220110_11,220110_11,APOE44,male,Sedentary,HFD,48.0,1/7/2021,2/24/2022,13.77,14.0,1.166666667,12.26666667,13.77,220110_11,A22011011,,,,,,,,,,1.0,0,,,,,,11,In House,,,,,,,,,,,,
220110_12,220110_12,,220110_12,220110_12,220110_12,APOE44,male,Sedentary,HFD,49.0,1/7/2021,2/24/2022,13.77,14.0,1.166666667,12.26666667,13.77,220110_12,A22011012,,,,,,,,,,1.0,0,,,,,,12,In House,,,,,,,,,,,,
220110_13,220110_13,,220110_13,220110_13,,APOE44HN,male,Sedentary ,Control ,34.0,11/30/2020,2/24/2022,15.03333333,15.0,1.252777778,15.03333333,,,,,,,,,,,,frozen the whole brain,0.0,,,,,,RNA Brain punches samples collection,1,,,,,,,,,,,,,
220110_14,220110_14,,220110_14,220110_14,,APOE44HN,male,Sedentary ,Control ,36.0,11/30/2020,3/10/2022,15.5,15.0,1.291666667,15.5,,,,,,,,,,,,RNA,0.0,,,,,,RNA Brain punches samples collection,2,,,,,,,,,,,,,
220110_15,220110_15,,220110_15,220110_15,,APOE44HN,male,Sedentary ,Control ,32.0,11/30/2020,3/10/2022,15.5,15.0,1.291666667,15.5,,,,,,,,,,,,RNA,0.0,,,,,,RNA Brain punches samples collection,3,,,,,,,,,,,,,
220110_2,220110_2,,220110_2,220110_2,220110_2,APOE22HN,male,Sedentary,HFD,39.0,1/6/2021,2/23/2022,13.77,14.0,1.166666667,12.3,13.77,220110_2_apoe_b,A22011002,,,,N60070_m00-m48,N60071,50,27,MRSOLUTIONS,,1.0,0,,,,,july2022scans,2,In House,,,,,,,,,,,,
220110_3,220110_3,,220110_3,220110_3,220110_3,APOE22HN,male,Sedentary,HFD,37.0,1/6/2021,2/23/2022,13.77,14.0,1.166666667,12.3,13.77,220110_3_apoe_b,A22011003,,,,N60072_m00-m48,N60073,60,22,MRSOLUTIONS,,1.0,0,,,,,july2022scans,3,In House,,,,,,,,,,,,
220110_4,220110_4,,220110_4,220110_4,220110_4,APOE22HN,male,Sedentary,HFD,48.0,1/6/2021,2/23/2022,13.77,14.0,1.166666667,12.3,13.77,220110_4,A22011004,,,,N60092_m00-m48,N60091,45,27,MRSOLUTIONS,,1.0,0,,,,,august2022scans,4,In House,,,,,,,,,,,,
220110_5,220110_5,,220110_5,220110_5,220110_5,APOE22HN,male,Sedentary,Control,29.0,1/6/2021,2/23/2022,13.77,14.0,1.166666667,12.3,13.77,220110_5,A22011005,,,,,,,,,,1.0,0,,,,,,5,In House,,,,,,,,,,,,
220110_6,220110_6,,220110_6,220110_6,220110_6,APOE22HN,male,Sedentary,Control,31.0,1/6/2021,2/23/2022,13.77,14.0,1.166666667,12.3,13.77,220110_6,A22011006,,,,,,,,,,1.0,0,,,,,,6,In House,,,,,,,,,,,,
220110_7,220110_7,,220110_7,220110_7,220110_7,APOE22HN,male,Sedentary,Control,33.0,1/26/2021,2/23/2022,13.1,13.0,1.083333333,11.63333333,13.1,220110_7_apoe_b,A22011007,,,,,,,,,,1.0,0,,,,,,7,In House,,,,,,,,,,,,
220110_8,220110_8,,220110_8,220110_8,220110_8,APOE22HN,female ,Sedentary,Control,27.0,1/4/2021,2/24/2022,13.87,14.0,1.166666667,12.36666667,13.87,220110_8,A22011008,,,,,,,,,,1.0,0,,,,,,8,In House,,,,,,,,,,,,
220110_9,220110_9,,220110_9,220110_9,220110_9,APOE22HN,female ,Sedentary,Control,26.0,1/4/2021,2/24/2022,13.87,14.0,1.166666667,12.36666667,13.87,220110_9,A22011009,,,,,,,,,,1.0,0,,,,,,9,In House,,,,,,,,,,,,
220111_1,220111_1,,220111_1,220111_1,,APOE22HN,male,Sedentary ,Control ,29.0,11/11/2020,1/11/2022,14.2,14.0,1.183333333,14.2,,,,,,,,,,,,RNA,0.0,,,,,,RNA Brain punches samples collection,38,,,,,,,,,,,,,
220111_2,220111_2,,220111_2,220111_2,,APOE22HN,male,Sedentary ,Control ,38.0,11/11/2020,1/11/2022,14.2,14.0,1.183333333,14.2,,,,,,,,,,,,RNA,0.0,,,,,,RNA Brain punches samples collection,39,,,,,,,,,,,,,
220111_3,220111_3,,220111_3,220111_3,,APOE22HN,male,Sedentary ,Control ,35.0,11/11/2020,1/11/2022,14.2,14.0,1.183333333,14.2,,,,,,,,,,,,frozen the whole brain,0.0,,,,,,RNA Brain punches samples collection,40,,,,,,,,,,,,,
220111_4,220111_4,,220111_4,220111_4,,APOE22HN,male,Sedentary ,Control ,32.0,11/11/2020,1/11/2022,14.2,14.0,1.183333333,14.2,,,,,,,,,,,,RNA,0.0,,,,,,RNA Brain punches samples collection,41,,,,,,,,,,,,,
220112_1,220112_1,,220112_1,220112_1,,APOE22HN,female,Sedentary ,Control ,32.0,11/15/2020,1/12/2022,14.1,14.0,1.175,14.1,,,,,,,,,,,,RNA,0.0,,,,,,RNA Brain punches samples collection,48,,,,,,,,,,,,,
220112_2,220112_2,,220112_2,220112_2,,APOE22HN,female,Sedentary ,Control ,30.0,11/15/2020,1/12/2022,14.1,14.0,1.175,14.1,,,,,,,,,,,,frozen the whole brain,0.0,,,,,,RNA Brain punches samples collection,49,,,,,,,,,,,,,
220203_1,220203_1,,220203_1,220203_1,,APOE33,female,Sedentary ,Control ,35.0,10/15/2020,2/3/2022,15.86666667,16.0,1.322222222,15.86666667,,,,,,,,,,,,RNA,0.0,,,,,,RNA Brain punches samples collection,81,,,,,,,,,,,,,
220203_2,220203_2,,220203_2,220203_2,,APOE33,female,Sedentary ,Control ,29.0,10/15/2020,2/3/2022,15.86666667,16.0,1.322222222,15.86666667,,,,,,,,,,,,frozen the whole brain,0.0,,,,,,RNA Brain punches samples collection,82,,,,,,,,,,,,,
220203_3,220203_3,,220203_3,220203_3,,APOE33,female,Sedentary ,Control ,27.0,11/5/2020,2/3/2022,15.16666667,15.0,1.263888889,15.16666667,,,,,,,,,,,,RNA,0.0,,,,,,RNA Brain punches samples collection,83,,,,,,,,,,,,,
220203_4,220203_4,,220203_4,220203_4,,APOE33,female,Sedentary ,Control ,34.0,10/15/2020,2/3/2022,15.86666667,16.0,1.322222222,15.86666667,,,,,,,,,,,,RNA,0.0,,,,,,RNA Brain punches samples collection,84,,,,,,,,,,,,,
220207_1,220207_1,,220207_1,220207_1,220207_1,APOE33HN,male,Sedentary,HFD,48.0,8/10/2020,4/13/2022,20.37,20.0,1.666666667,18.43333333,20.36666667,220207_1,A22020701,,,,,,,,,,1.0,0,,,,,,1,In House,,,,,,,,,,,,
220207_10,220207_10,,220207_10,220207_10,220207_10,APOE33HN,female ,Sedentary,Control,29.0,8/10/2020,4/6/2022,20.13,20.0,1.666666667,18.43333333,20.13,220207_10,A22020710,,,,,,,,,,1.0,0,,,,,,10,In House,,,,,,,,,,,,
220207_11,220207_11,,220207_11,220207_11,220207_11,APOE33HN,female ,Sedentary,Control,37.0,8/10/2020,4/6/2022,20.13,20.0,1.666666667,18.43333333,20.13,220207_11,A22020711,,,,,,,,,,1.0,0,,,,,,11,In House,,,,,,,,,,,,
220207_12,220207_12,,220207_12,220207_12,220207_12,APOE33HN,female ,Sedentary,Control,34.0,8/10/2020,4/6/2022,20.13,20.0,1.666666667,18.43333333,20.13,220207_12,A22020712,,,,,,,,,,1.0,0,,,,,,12,In House,,,,,,,,,,,,
220207_13,220207_13,,220207_13,220207_13,220207_13,APOE33HN,female ,Sedentary,Control,29.0,8/10/2020,4/6/2022,20.13,20.0,1.666666667,18.43333333,20.13,220207_13,A22020713,,,,,,,,,,1.0,0,,,,,,13,In House,,,,,,,,,,,,
220207_14,220207_14,,220207_14,220207_14,220207_14,APOE33HN,female ,Sedentary,HFD,58.0,8/10/2020,4/6/2022,20.13,20.0,1.666666667,18.43333333,20.13,220207_14,A22020714,,,,,,,,,,1.0,0,,,,,,14,In House,,,,,,,,,,,,
220207_15,220207_15,,220207_15,220207_15,220207_15,APOE33HN,female ,Sedentary,HFD,51.0,8/10/2020,4/6/2022,20.13,20.0,1.666666667,18.43333333,20.13,220207_15,A22020715,,,,,,,,,,1.0,0,,,,,,15,In House,,,,,,,,,,,,
220207_16,220207_16,,220207_16,220207_16,220207_16,APOE33HN,female ,Sedentary,HFD,56.0,8/10/2020,4/6/2022,20.13,20.0,1.666666667,18.43333333,20.13,220207_16,A22020716,,,,,,,,,,1.0,0,,,,,,16,In House,,,,,,,,,,,,
220207_17,220207_17,,220207_17,220207_17,220207_17,APOE33HN,female ,Sedentary,HFD,50.0,8/10/2020,4/6/2022,20.13,20.0,1.666666667,18.43333333,20.13,220207_17,A22020717,,,,,,,,,,1.0,0,,,,,,17,In House,,,,,,,,,,,,
220207_19,220207_19,,220207_19,220207_19,220207_19,APOE33HN,male,Sedentary,Control,33.0,8/14/2020,4/14/2022,20.27,20.0,1.666666667,18.3,20.26666667,220207_19,A22020719,,,,,,,,,,1.0,0,,,,,,19,In House,,,,,,,,,,,,
220207_2,220207_2,,220207_2,220207_2,220207_2,APOE33HN,male,Sedentary,HFD,38.0,8/10/2020,4/13/2022,20.37,20.0,1.666666667,18.43333333,20.36666667,220207_2,A22020702,,,,,,,,,,1.0,0,,,,,,2,In House,,,,,,,,,,,,
220207_20,220207_20,,220207_20,220207_20,220207_20,APOE33HN,male,Sedentary,Control,38.0,8/14/2020,4/14/2022,20.27,20.0,1.666666667,18.3,20.26666667,220207_20,A22020720,,,,,,,,,,1.0,0,,,,,,20,In House,,,,,,,,,,,,
220207_21,220207_21,,220207_21,220207_21,220207_21,APOE33HN,male,Sedentary,Control,37.0,8/14/2020,4/14/2022,20.27,20.0,1.666666667,18.3,20.26666667,220207_21,A22020721,,,,,,,,,,1.0,0,,,,,,21,In House,,,,,,,,,,,,
220207_22,220207_22,,220207_22,220207_22,220207_22,APOE33HN,male,Sedentary,Control,34.0,9/7/2020,4/14/2022,19.47,19.0,1.583333333,17.5,19.46666667,220207_22,A22020722,,,,,,,,,,1.0,0,,,,,,22,In House,,,,,,,,,,,,
220207_23,220207_23,,220207_23,220207_23,220207_23,APOE33HN,male,Sedentary,Control,32.0,9/7/2020,4/14/2022,19.47,19.0,1.583333333,17.5,19.46666667,220207_23,A22020723,,,,,,,,,,1.0,0,,,,,,23,In House,,,,,,,,,,,,
220207_24,220207_24,,220207_24,220207_24,220207_24,APOE33HN,male,Sedentary,HFD,33.0,8/20/2020,4/13/2022,20.03,20.0,1.666666667,18.1,20.03333333,220207_24,A22020724,,,,,,,,,,1.0,0,,,,,,24,In House,,,,,,,,,,,,
220207_25,220207_25,,220207_25,220207_25,220207_25,APOE33HN,male,Sedentary,HFD,32.0,8/20/2020,4/13/2022,20.03,20.0,1.666666667,18.1,20.03333333,220207_25,A22020725,,,,,,,,,,1.0,0,,,,,,25,In House,,,,,,,,,,,,
220207_3,220207_3,,220207_3,220207_3,220207_3,APOE33HN,male,Sedentary,HFD,34.0,8/10/2020,4/13/2022,20.37,20.0,1.666666667,18.43333333,20.36666667,220207_3,A22020703,,,,,,,,,,1.0,0,,,,,,3,In House,,,,,,,,,,,,
220207_4,220207_4,,220207_4,220207_4,220207_4,APOE33HN,male,Sedentary,HFD,42.0,8/10/2020,4/13/2022,20.37,20.0,1.666666667,18.43333333,20.36666667,220207_4,A22020704,,,,,,,,,,1.0,0,,,,,,4,In House,,,,,,,,,,,,
220207_9,220207_9,,220207_9,220207_9,220207_9,APOE33HN,female ,Sedentary,Control,27.0,8/10/2020,4/6/2022,20.13,20.0,1.666666667,18.43333333,20.13,220207_9,A22020709,,,,,,,,,,1.0,0,,,,,,9,In House,,,,,,,,,,,,
220207_26,220207_26,,220207_26,220207_26,,APOE33HN,male,Sedentary,HFD,49.0,8/24/2020,4/13/2022,19.9,14.0,1.658333333,19.9,,,,,,,,,,,,frozen the whole brain,0.0,,,,,,RNA Brain punches samples collection,30,,,,,,,,,,,,,
220307_1,220307_1,,220307_1,220307_1,220307_1,APOE33HN,female ,Sedentary,Control,32.0,8/24/2020,5/11/2022,20.83,21.0,1.75,18.9,20.83333333,220307_1_apoeb,A22030701,,,,,,,,,,1.0,0,,,,,,1,In House,,,,,,,,,,,,
220307_10,220307_10,,220307_10,220307_10,220307_10,APOE22HN,female ,Sedentary,Control,26.0,10/12/2020,5/19/2022,19.47,19.0,1.583333333,17.26666667,19.46666667,220307_10_apoe_18abb11_apoe,A22030710,,,,,,,,,,1.0,0,,,,,,9,In House,,,,,,,,,,,,
220307_11,220307_11,,220307_11,220307_11,220307_11,APOE22HN,female ,Sedentary,Control,21.0,10/12/2020,5/19/2022,19.47,19.0,1.583333333,17.26666667,19.46666667,220307_11,A22030711,,,,,,,,,,1.0,0,,,,,,10,In House,,,,,,,,,,,,
220307_12,220307_12,,220307_12,220307_12,220307_12,APOE22HN,female ,Sedentary,Control,26.0,10/12/2020,5/19/2022,19.47,19.0,1.583333333,17.26666667,19.46666667,220307_12,A22030712,,,,,,,,,,1.0,0,,,,,,11,In House,,,,,,,,,,,,
220307_13,220307_13,,220307_13,220307_13,220307_13,APOE22HN,female ,Sedentary,Control,28.0,10/12/2020,5/19/2022,19.47,19.0,1.583333333,17.26666667,19.46666667,220307_12_apoe_B,A22030713,,,,,,,,,,1.0,0,,,,,,12,In House,,,,,,,,,,,,
220307_14,220307_14,,220307_14,220307_14,220307_14,APOE33HN,male,Sedentary,Control,33.0,8/10/2020,5/12/2022,21.33,21.0,1.75,19.36666667,21.33333333,220307_14,A22030714,,,,,,,,,,1.0,0,,,,,,13,In House,,,,,,,,,,,,
220307_15,220307_15,,220307_15,220307_15,220307_15,APOE33HN,male,Sedentary,Control,32.0,8/10/2020,5/12/2022,21.33,21.0,1.75,19.36666667,21.33333333,220307_15,A22030715,,,,,,,,,,1.0,0,,,,,,14,In House,,,,,,,,,,,,
220307_16,220307_16,,220307_16,220307_16,220307_16,APOE33HN,male,Sedentary,Control,33.0,8/10/2020,5/12/2022,21.33,21.0,1.75,19.36666667,21.33333333,220307_16,A22030716,,,,,,,,,,1.0,0,,,,,,15,In House,,,,,,,,,,,,
220307_17,220307_17,,220307_17,220307_17,220307_17,APOE33HN,male,Sedentary,Control,32.0,8/10/2020,5/12/2022,21.33,21.0,1.75,19.36666667,21.33333333,220307_17,A22030717,,,,,,,,,,1.0,0,,,,,,16,In House,,,,,,,,,,,,
220307_2,220307_2,,220307_2,220307_2,220307_2,APOE33HN,female ,Sedentary,Control,26.0,8/24/2020,5/11/2022,20.83,21.0,1.75,18.9,20.83333333,220307_2,A22030702,,,,,,,,,,1.0,0,,,,,,2,In House,,,,,,,,,,,,
220307_4,220307_4,,220307_4,220307_4,220307_4,APOE33HN,female ,Sedentary,Control,26.0,8/24/2020,5/11/2022,20.83,21.0,1.75,18.9,20.83333333,220307_4,A22030704,,,,,,,,,,1.0,0,,,,,,3,In House,,,,,,,,,,,,
220307_5,220307_5,,220307_5,220307_5,220307_5,APOE33HN,female ,Sedentary,Control,25.0,8/24/2020,5/11/2022,20.83,21.0,1.75,18.9,20.83333333,220307_5,A22030705,,,,,,,,,,1.0,0,,,,,,4,In House,,,,,,,,,,,,
220307_6,220307_6,,220307_6,220307_6,220307_6,APOE22HN,male,Sedentary,Control,29.0,10/12/2020,5/18/2022,19.43,19.0,1.583333333,17.26666667,19.43333333,220307_6,A22030706,,,,,,,,,,1.0,0,,,,,,5,In House,,,,,,,,,,,,
220307_7,220307_7,,220307_7,220307_7,220307_7,APOE22HN,male,Sedentary,Control,31.0,10/12/2020,5/18/2022,19.43,19.0,1.583333333,17.26666667,19.43333333,220307_7,A22030707,,,,,,,,,,1.0,0,,,,,,6,In House,,,,,,,,,,,,
220307_8,220307_8,,220307_8,220307_8,220307_8,APOE22HN,male,Sedentary,Control,30.0,10/12/2020,5/18/2022,19.43,19.0,1.583333333,17.26666667,19.43333333,220307_8,A22030708,,,,,,,,,,1.0,0,,,,,,7,In House,,,,,,,,,,,,
220307_9,220307_9,,220307_9,220307_9,220307_9,APOE22HN,female ,Sedentary,Control,27.0,10/12/2020,5/18/2022,19.43,19.0,1.583333333,17.26666667,19.43333333,220307_9,A22030709,,,,,,,,,,1.0,0,,,,,,8,In House,,,,,,,,,,,,
220310_1,220310_1,,220310_1,220310_1,,APOE33HN,male,Sedentary ,Control ,30.0,12/4/2020,3/10/2022,15.36666667,15.0,1.280555556,15.36666667,,,,,,,,,,,,RNA,0.0,,,,,,RNA Brain punches samples collection,17,,,,,,,,,,,,,
220310_2,220310_2,,220310_2,220310_2,,APOE33HN,male,Sedentary ,Control ,34.0,12/4/2020,3/10/2022,15.36666667,15.0,1.280555556,15.36666667,,,,,,,,,,,,RNA,0.0,,,,,,RNA Brain punches samples collection,18,,,,,,,,,,,,,
220310_3,220310_3,,220310_3,220310_3,,APOE44,male,Sedentary ,Control ,34.0,12/4/2020,3/10/2022,15.36666667,15.0,1.280555556,15.36666667,,,,,,,,,,,,frozen the whole brain,0.0,,,,,,RNA Brain punches samples collection,59,,,,,,,,,,,,,
220311_1,220311_1,,220311_1,220311_1,,APOE44,male,Sedentary ,Control ,34.0,1/7/2021,3/11/2022,14.26666667,14.0,1.188888889,14.26666667,,,,,,,,,,,,RNA,0.0,,,,,,RNA Brain punches samples collection,60,,,,,,,,,,,,,
220311_2,220311_2,,220311_2,220311_2,,APOE44,male,Sedentary ,Control ,31.0,1/7/2021,3/11/2022,14.26666667,14.0,1.188888889,14.26666667,,,,,,,,,,,,RNA,0.0,,,,,,RNA Brain punches samples collection,61,,,,,,,,,,,,,
220311_3,220311_3,,220311_3,220311_3,,APOE44,female,Sedentary ,Control ,27.0,1/7/2021,3/11/2022,14.26666667,14.0,1.188888889,14.26666667,,,,,,,,,,,,RNA,0.0,,,,,,RNA Brain punches samples collection,70,,,,,,,,,,,,,
220311_4,220311_4,,220311_4,220311_4,,APOE44,female,Sedentary ,Control ,28.0,1/7/2021,3/11/2022,14.26666667,14.0,1.188888889,14.26666667,,,,,,,,,,,,frozen the whole brain,0.0,,,,,,RNA Brain punches samples collection,71,,,,,,,,,,,,,
220404_1,220404_1,,220404_1,220404_1,220404_1,APOE22,female ,Sedentary,HFD,30.0,4/5/2021,6/22/2022,14.8,15.0,1.22,12.36666667,14.8,220401_1_18_APOE,A22040401,,,,,,,,,,1.0,1,,,,,,1,In House,,,,,,,,,,,,
220404_10,220404_10,,220404_10,220404_10,220404_10,APOE22,male,Sedentary,HFD,48.0,4/17/2021,6/23/2022,14.4,14.0,1.18,11.96666667,14.4,220404_10,A22040410,,,,,,,,,,1.0,,,220404_10,,,,10,In House,,,,,,,,,,,,
220404_11,220404_11,,220404_11,220404_11,220404_11,APOE22HN,male,Sedentary,Control,32.0,9/24/2020,6/23/2022,21.23333333,21.0,1.75,18.8,21.23333333,220404_11,A22040411,,,,,,,,,,1.0,,,,,,,11,In House,,,,,,,,,,,,
220404_13,220404_13,,220404_13,220404_13,220404_13,APOE22HN,male,Sedentary,Control,35.0,9/24/2020,6/23/2022,21.23333333,21.0,1.75,18.8,21.23333333,220404_13,A22040413,,,,,,,,,,1.0,,,,,,,13,In House,,,,,,,,,,,,
220404_2,220404_2,,220404_2,220404_2,220404_2,APOE22,female ,Sedentary,HFD,37.0,4/5/2021,6/22/2022,14.8,15.0,1.22,12.36666667,14.8,220404_2,A22040402,,,,,,,,,,1.0,,,,,,,2,In House,,,,,,,,,,,,
220404_3,220404_3,,220404_3,220404_3,220404_3,APOE22,female ,Sedentary,HFD,40.0,4/5/2021,6/22/2022,14.8,15.0,1.22,12.36666667,14.8,220404_3,A22040403,,,,,,,,,,1.0,,,,,,,3,In House,,,,,,,,,,,,
220404_4,220404_4,,220404_4,220404_4,220404_4,APOE22,female ,Sedentary,HFD,39.0,4/5/2021,6/22/2022,14.8,15.0,1.22,12.36666667,14.8,220404_4,A22040404,,,,,,,,,,1.0,,,,,,,4,In House,,,,,,,,,,,,
220404_5,220404_5,,220404_5,220404_5,220404_5,APOE22,female ,Sedentary,HFD,29.0,6/20/2021,6/22/2022,12.26666667,12.0,1.01,9.833333333,12.26666667,220404_5,A22040405,,,,,,,,,,1.0,,,,,,,5,In House,,,,,,,,,,,,
220404_6,220404_6,,220404_6,220404_6,220404_6,APOE22,male,Sedentary,HFD,43.0,4/5/2021,6/22/2022,14.8,15.0,1.22,12.36666667,14.8,220404_6,A22040406,,,,,,,,,,1.0,,,,,,,6,In House,,,,,,,,,,,,
220404_7,220404_7,,220404_7,220404_7,220404_7,APOE22,male,Sedentary,HFD,51.0,4/5/2021,6/22/2022,14.8,15.0,1.22,12.36666667,14.8,220404_7,A22040407,,,,,,,,,,1.0,,,,,,,7,In House,,,,,,,,,,,,
220404_8,220404_8,,220404_8,220404_8,220404_8,APOE22,male,Sedentary,HFD,41.0,4/17/2021,6/23/2022,14.4,14.0,1.18,11.96666667,14.4,220404_8,A22040408,,,,,,,,,,1.0,,,220404_8,,,,8,In House,,,,,,,,,,,,
220404_9,220404_9,,220404_9,220404_9,220404_9,APOE22,male,Sedentary,HFD,39.0,4/17/2021,6/23/2022,14.4,14.0,1.18,11.96666667,14.4,220404_9,A22040409,,,,,,,,,,1.0,,,220404_9,,,,9,In House,,,,,,,,,,,,
220408_1,220408_1,,220408_1,220408_1,,APOE22HN,male,Sedentary,HFD,54.0,1/23/2021,4/8/2022,14.66666667,15.0,1.222222222,14.66666667,,,,,,,,,,,,RNA,0.0,,,,,,RNA Brain punches samples collection,43,,,,,,,,,,,,,
220408_2,220408_2,,220408_2,220408_2,,APOE22HN,male,Sedentary,HFD,52.0,1/23/2021,4/8/2022,14.66666667,15.0,1.222222222,14.66666667,,,,,,,,,,,,frozen the whole brain,0.0,,,,,,RNA Brain punches samples collection,44,,,,,,,,,,,,,
220408_3,220408_3,,220408_3,220408_3,,APOE22HN,male,Sedentary,HFD,49.0,1/23/2021,4/8/2022,14.66666667,15.0,1.222222222,14.66666667,,,,,,,,,,,,RNA,0.0,,,,,,RNA Brain punches samples collection,45,,,,,,,,,,,,,
220408_4,220408_4,,220408_4,220408_4,,APOE22HN,male,Sedentary,HFD,54.0,1/23/2021,4/8/2022,14.66666667,15.0,1.222222222,14.66666667,,,,,,,,,,,,frozen the whole brain,0.0,,,,,,RNA Brain punches samples collection,46,,,,,,,,,,,,,
220408_5,220408_5,,220408_5,220408_5,,APOE22HN,male,Sedentary,HFD,51.0,1/23/2021,4/8/2022,14.66666667,15.0,1.222222222,14.66666667,,,,,,,,,,,,RNA,0.0,,,,,,RNA Brain punches samples collection,47,,,,,,,,,,,,,
220415_1,220415_1,,220415_1,220415_1,,APOE22HN,female,Sedentary,HFD,45.0,1/23/2021,4/15/2022,14.9,15.0,1.241666667,14.9,,,,,,,,,,,,RNA,0.0,,,,,,RNA Brain punches samples collection,53,,,,,,,,,,,,,
220415_2,220415_2,,220415_2,220415_2,,APOE22HN,female,Sedentary,HFD,48.0,1/23/2021,4/15/2022,14.9,15.0,1.241666667,14.9,,,,,,,,,,,,RNA,0.0,,,,,,RNA Brain punches samples collection,54,,,,,,,,,,,,,
220415_3,220415_3,,220415_3,220415_3,,APOE22HN,female,Sedentary,HFD,39.0,1/23/2021,4/15/2022,14.9,15.0,1.241666667,14.9,,,,,,,,,,,,frozen the whole brain,0.0,,,,,,RNA Brain punches samples collection,55,,,,,,,,,,,,,
220415_4,220415_4,,220415_4,220415_4,,APOE22HN,female,Sedentary,HFD,45.0,1/23/2021,4/15/2022,14.9,15.0,1.241666667,14.9,,,,,,,,,,,,RNA,0.0,,,,,,RNA Brain punches samples collection,56,,,,,,,,,,,,,
220415_5,220415_5,,220415_5,220415_5,,APOE22HN,female,Sedentary,HFD,55.0,1/23/2021,4/15/2022,14.9,15.0,1.241666667,14.9,,,,,,,,,,,,frozen the whole brain,0.0,,,,,,RNA Brain punches samples collection,57,,,,,,,,,,,,,
220415_6,220415_6,,220415_6,220415_6,,APOE22HN,male,Sedentary ,Control ,33.0,12/17/2020,4/15/2022,16.13333333,16.0,1.344444444,16.13333333,,,,,,,,,,,,frozen the whole brain,0.0,,,,,,RNA Brain punches samples collection,42,,,,,,,,,,,,,
220509_1,220509_1,,220509_1,220509_1,220509_1,APOE22,male,Sedentary,HFD,40.0,11/9/2020,7/13/2022,20.23333333,20.0,1.67,18.2,,220509_1,A22050901,,,,,,,,,,1.0,,,,,,,1,In House,,,,,,,,,,,,
220509_10,220509_10,,220509_10,220509_10,220509_10,APOE33,female,Sedentary,HFD,28.0,11/5/2020,7/14/2022,20.36666667,20.0,1.68,18.33333333,,220509_10,A22050910,,,,,,,,,,1.0,,,,,,,6,In House,,,,,,,,,,,,
220509_11,220509_11,,220509_11,220509_11,220509_11,APOE44,female,Sedentary,Control,29.0,11/30/2020,7/14/2022,19.53333333,20.0,1.61,17.5,,220509_11,A22050911,,,,,,,,,,1.0,,,,,,,7,In House,,,,,,,,,,,,
220509_12,220509_12,,220509_12,220509_12,220509_12,APOE22,female,Sedentary,Control,25.0,6/2/2021,7/13/2022,13.4,13.0,1.1,11.36666667,,220509_12,A22050912,,,,,,,,,,1.0,,,,,,,8,In House,,,,,,,,,,,,
220509_13,220509_13,,220509_13,220509_13,220509_13,APOE22,female,Sedentary,Control,26.0,6/9/2021,7/13/2022,13.16666667,13.0,1.08,11.13333333,,220509_13,A22050913,,,,,,,,,,1.0,,,,,,,9,In House,,,,,,,,,,,,
220509_14,220509_14,,220509_14,220509_14,220509_14,APOE22,female,Sedentary,Control,26.0,6/9/2021,7/13/2022,13.16666667,13.0,1.08,11.13333333,,220509_14,A22050914,,,,,,,,,,1.0,,,,,,,10,In House,,,,,,,,,,,,
220509_4,220509_4,,220509_4,220509_4,220509_4,APOE22,female,Sedentary,HFD,27.0,11/9/2020,7/13/2022,20.23333333,20.0,1.67,18.2,,220509_4,A22050904,,,,,,,,,,1.0,,,,,,,2,In House,,,,,,,,,,,,
220509_6,220509_6,,220509_6,220509_6,220509_6,APOE22,female,Sedentary,HFD,42.0,11/9/2020,7/6/2022,20.23333333,20.0,1.67,18.2,,DIED,A22050906,,,,,,,,,,1.0,,,,,,died during surgery/ was perfused,3,In House,,,,,,,,,,,,
220509_7,220509_7,,220509_7,220509_7,220509_7,APOE33,male,Sedentary,HFD,52.0,10/3/2020,7/14/2022,21.46666667,21.0,1.77,19.43333333,,220509_7,A22050907,,,,,,,,,,1.0,,,,,,,4,In House,,,,,,,,,,,,
220509_8,220509_8,,220509_8,220509_8,220509_8,APOE33,female,Sedentary,HFD,34.0,11/5/2020,7/14/2022,20.36666667,20.0,1.68,18.33333333,,220509_8,A22050908,,,,,,,,,,1.0,,,,,,,5,In House,,,,,,,,,,,,
220526_1,220526_1,,220526_1,220526_1,,APOE44,female,Sedentary,HFD,53.0,3/6/2021,5/26/2022,14.86666667,15.0,1.238888889,14.86666667,,,,,,,,,,,,RNA,0.0,,,,,,RNA Brain punches samples collection,72,,,,,,,,,,,,,
220526_2,220526_2,,220526_2,220526_2,,APOE44,female,Sedentary,HFD,42.0,3/6/2021,5/26/2022,14.86666667,15.0,1.238888889,14.86666667,,,,,,,,,,,,RNA,0.0,,,,,,RNA Brain punches samples collection,73,,,,,,,,,,,,,
220526_3,220526_3,,220526_3,220526_3,,APOE44,female,Sedentary,HFD,44.0,3/6/2021,5/26/2022,14.86666667,15.0,1.238888889,14.86666667,,,,,,,,,,,,frozen the whole brain,0.0,,,,,,RNA Brain punches samples collection,74,,,,,,,,,,,,,
220526_4,220526_4,,220526_4,220526_4,,APOE44,female,Sedentary,HFD,27.0,3/6/2021,5/26/2022,14.86666667,15.0,1.238888889,14.86666667,,,,,,,,,,,,RNA,0.0,,,,,,RNA Brain punches samples collection,75,,,,,,,,,,,,,
220527_1,220527_1,,220527_1,220527_1,,APOE22,female,Sedentary,HFD,37.0,4/14/2021,5/27/2022,13.6,14.0,1.133333333,13.6,,,,,,,,,,,,RNA,0.0,,,,,,RNA Brain punches samples collection,99,,,,,,,,,,,,,
220527_2,220527_2,,220527_2,220527_2,,APOE22,female,Sedentary,HFD,45.0,4/14/2021,5/27/2022,13.6,14.0,1.133333333,13.6,,,,,,,,,,,,RNA,0.0,,,,,,RNA Brain punches samples collection,100,,,,,,,,,,,,,
220527_3,220527_3,,220527_3,220527_3,,APOE22,female,Sedentary,HFD,44.0,4/17/2021,5/27/2022,13.5,14.0,1.125,13.5,,,,,,,,,,,,RNA,0.0,,,,,,RNA Brain punches samples collection,101,,,,,,,,,,,,,
220527_4,220527_4,,220527_4,220527_4,,APOE22,female,Sedentary,HFD,28.0,4/17/2021,5/27/2022,13.5,14.0,1.125,13.5,,,,,,,,,,,,frozen the whole brain,0.0,,,,,,RNA Brain punches samples collection,102,,,,,,,,,,,,,
220527_5,220527_5,,220527_5,220527_5,,APOE44,male,Sedentary,HFD,50.0,3/6/2021,5/27/2022,14.9,15.0,1.241666667,14.9,,,,,,,,,,,,frozen the whole brain,0.0,,,,,,RNA Brain punches samples collection,66,,,,,,,,,,,,,
220527_6,220527_6,,220527_6,220527_6,,APOE44,male,Sedentary,HFD,48.0,3/6/2021,5/27/2022,14.9,15.0,1.241666667,14.9,,,,,,,,,,,,frozen the whole brain,0.0,,,,,,RNA Brain punches samples collection,67,,,,,,,,,,,,,
220603_1,220603_1,,220603_1,220603_1,,APOE22,male,Sedentary,HFD,54.0,4/14/2021,6/3/2022,13.83333333,14.0,1.152777778,13.83333333,,,,,,,,,,,,RNA,0.0,,,,,,RNA Brain punches samples collection,97,,,,,,,,,,,,,
220603_2,220603_2,,220603_2,220603_2,,APOE22,male,Sedentary,HFD,56.0,4/14/2021,6/3/2022,13.83333333,14.0,1.152777778,13.83333333,,,,,,,,,,,,frozen the whole brain,0.0,,,,,,RNA Brain punches samples collection,98,,,,,,,,,,,,,
220603_3,220603_3,,220603_3,220603_3,,APOE22,male,Sedentary ,Control ,31.0,4/17/2021,6/3/2022,13.73333333,14.0,1.144444444,13.73333333,,,,,,,,,,,,RNA,0.0,,,,,,RNA Brain punches samples collection,94,,,,,,,,,,,,,
220603_4,220603_4,,220603_4,220603_4,,APOE22,male,Sedentary ,Control ,29.0,4/17/2021,6/3/2022,13.73333333,14.0,1.144444444,13.73333333,,,,,,,,,,,,RNA,0.0,,,,,,RNA Brain punches samples collection,95,,,,,,,,,,,,,
220603_5,220603_5,,220603_5,220603_5,,APOE22,male,Sedentary ,Control ,33.0,4/17/2021,6/3/2022,13.73333333,14.0,1.144444444,13.73333333,,,,,,,,,,,,RNA,0.0,,,,,,RNA Brain punches samples collection,96,,,,,,,,,,,,,
220606_1,220606_1,,220606_1,220606_1,220606_1,APOE33HN,male,Sedentary,Control,33.0,1/6/2021,8/11/2022,19.4,19.0,1.60,17.2,,220606_1,A22060601,,,,,,,,,,1.0,,,,,,,1,In House,,,,,,,,,,,,
220606_15,220606_15,,220606_7,220606_7,220606_15,APOE44,male,Sedentary,HFD,40.0,11/30/2020,8/10/2022,20.6,21.0,1.69,18.43333333,,220606_7_apoe_18abb11_APOE_1_1,A22060615,,,,,,,,,,1.0,,,220606_7,,,,7,In House,,,,,,,,,,,,
220606_16,220606_16,,220606_8,220606_8,220606_16,APOE44,male,Sedentary,HFD,48.0,11/30/2020,8/10/2022,20.6,21.0,1.69,18.43333333,,220606_8_apoe_18abb11_APOE_1_1,A22060616,,,,,,,,,,1.0,,,220606_8,,,,8,In House,,,,,,,,,,,,
220606_17,220606_17,,220606_9,220606_9,220606_17,APOE44,female,Sedentary,Control,28.0,11/30/2020,8/10/2022,20.6,21.0,1.69,18.43333333,,20220809_181224_220606_9_apoe_18abb11_APOE_1_1,A22060617,,,,,,,,,,1.0,,,220606_9,,,,9,In House,,,,,,,,,,,,
220606_18,220606_18,,220606_10,220606_10,220606_18,APOE44,female,Sedentary,Control,26.0,11/30/2020,8/10/2022,20.6,21.0,1.69,18.43333333,,220606_10_apoe_18abb11_apoe2_1_2,A22060618,,,,,,,,,,1.0,,,220606_10,,,,10,In House,,,,,,,,,,,,
220606_19,220606_19,,220606_11,220606_11,220606_19,APOE22,male,Sedentary,Control,30.0,6/9/2021,8/17/2022,14.27,14.0,1.188888889,12.06666667,,220606_11,A22060619,,,,,,,,,,1.0,,,220606_11,,,,11,In House,,,,,,,,,,,,
220606_2,220606_2,,220606_2,220606_2,220606_2,APOE44HN,female,Sedentary,Control,30.0,11/30/2020,8/11/2022,20.63333333,21.0,1.70,18.43333333,,220606_2,A22060602,,,,,,,,,,1.0,,,,,,,2,In House,,,,,,,,,,,,
220606_20,220606_20,,220606_12,220606_12,220606_20,APOE22,male,Sedentary,Control,31.0,6/9/2021,8/17/2022,14.27,14.0,1.188888889,12.06666667,,220606_12,A22060620,,,,,,,,,,1.0,,,220606_12,,,,12,In House,,,,,,,,,,,,
220606_21,220606_21,,220606_13,220606_13,220606_21,APOE22,male,Sedentary,Control,31.0,6/9/2021,8/17/2022,14.27,14.0,1.188888889,12.06666667,,220606_13,A22060621,,,,,,,,,,1.0,,,220606_13,,,,13,In House,,,,,,,,,,,,
220606_22,220606_22,,220606_14,220606_14,220606_22,APOE22,male,Sedentary,Control,33.0,6/9/2021,8/17/2022,14.27,14.0,1.188888889,12.06666667,,220606_14,A22060622,,,,,,,,,,1.0,,,220606_14,,,,14,In House,,,,,,,,,,,,
220606_3,220606_3,,220606_3,220606_3,220606_3,APOE44HN,female,Sedentary,Control,32.0,11/30/2020,8/11/2022,20.63333333,21.0,1.70,18.43333333,,220606_3_apoe_18abb11_apoe_1_1,A22060603,,,,,,,,,,1.0,,,,,,,3,In House,,,,,,,,,,,,
220606_4,220606_4,,220606_4,220606_4,220606_4,APOE44HN,female,Sedentary,Control,28.0,11/30/2020,8/11/2022,20.63333333,21.0,1.70,18.43333333,,220606_4,A22060604,,,,,,,,,,1.0,,,,,,,4,In House,,,,,,,,,,,,
220606_5,220606_5,,220606_5,220606_5,220606_5,APOE44HN,female,Sedentary,Control,32.0,11/30/2020,8/10/2022,20.6,21.0,1.69,18.43333333,,220606_5real_apoe_18abb11_APOE_1_2,A22060605,,,,,,,,,,1.0,,,,,,,5,In House,,,,,,,,,,,,
220606_6,220606_6,,220606_6,220606_6,220606_6,APOE44HN,female,Sedentary,Control,26.0,11/30/2020,8/10/2022,20.6,21.0,1.69,18.43333333,,220606_5_apoe_18abb11_apoe_1_1,A22060606,,,,,,,,,,1.0,,,,,,,6,In House,,,,,,,,,,,,
220630_1,220630_1,,220630_1,220630_1,,APOE33,male,Sedentary ,Control ,36.0,4/28/2021,6/30/2022,14.26666667,14.0,1.188888889,14.26666667,,,,,,,,,,,,RNA ,0.0,,,,,,RNA Brain punches samples collection,76,,,,,,,,,,,,,
220630_2,220630_2,,220630_2,220630_2,,APOE33,male,Sedentary ,Control ,37.0,4/28/2021,6/30/2022,14.26666667,14.0,1.188888889,14.26666667,,,,,,,,,,,,RNA ,0.0,,,,,,RNA Brain punches samples collection,77,,,,,,,,,,,,,
220630_3,220630_3,,220630_3,220630_3,,APOE33,male,Sedentary ,Control ,41.0,4/28/2021,6/30/2022,14.26666667,14.0,1.188888889,14.26666667,,,,,,,,,,,,RNA ,0.0,,,,,,RNA Brain punches samples collection,78,,,,,,,,,,,,,
220630_4,220630_4,,220630_4,220630_4,,APOE33,male,Sedentary ,Control ,48.0,4/28/2021,6/30/2022,14.26666667,14.0,1.188888889,14.26666667,,,,,,,,,,,,frozen the whole brain,0.0,,,,,,RNA Brain punches samples collection,79,,,,,,,,,,,,,
220630_5,220630_5,,220630_5,220630_5,,APOE33,male,Sedentary ,Control ,39.0,4/28/2021,6/30/2022,14.26666667,14.0,1.188888889,14.26666667,,,,,,,,,,,,frozen the whole brain,0.0,,,,,,RNA Brain punches samples collection,80,,,,,,,,,,,,,
220704_1,220704_1,,220704_9,220704_9,220704_1,APOE22HN,female,Sedentary,HFD,39.0,12/20/2020,9/16/2022,21.16,21.0,1.74,18.7,,220704_9_apoe,A22070401,,,,,,,,,,1.0,,,220704_9,,,July22cohort,7,In House,,,,,,,,,,,,
220704_10,220704_10,,220704_10,220704_10,220704_10,APOE22HN,male,Sedentary,HFD,46.0,12/17/2020,9/1/2022,20.96,21.0,1.72,18.8,,DIED,A22070410,,,,,,,,,Died during Survival surgery,1.0,,,,,,July22cohort,8,In House,,,,,,,,,,,,
220704_11,220704_11,,220704_6,220704_6,220704_11,APOE22HN,female,Sedentary,HFD,45.0,12/17/2020,9/15/2022,21.23333333,21.0,1.744444444,18.8,,220704_6_apoe,A22070411,,,,,,,,,,1.0,,,220704_6,,,July22cohort,4,In House,,,,,,,,,,,,
220704_14,220704_14,,220704_12,220704_12,220704_14,APOE22HN,male,Sedentary,HFD,48.0,12/17/2020,9/7/2022,20.96,21.0,1.72,18.8,,220704_12_apoe_3channel,A22070414,,,,,,,,,,1.0,,,220704_12,,,July22cohort,9,In House,,,,,,,,,,,,
220704_15,220704_15,,220704_13,220704_13,220704_15,APOE22HN,male,Sedentary,HFD,42.0,12/17/2020,9/7/2022,20.96,21.0,1.72,18.8,,220704_13_apoe_channel3,A22070415,,,,,,,,,,1.0,,,220704_13,,,July22cohort,10,In House,,,,,,,,,,,,
220704_16,220704_16,,220704_14,220704_14,220704_16,APOE22HN,male,Sedentary,HFD,40.0,12/17/2020,9/7/2022,20.96,21.0,1.72,18.8,,220704_14_apoe_channel3,A22070416,,,,,,,,,,1.0,,,,,,July22cohort,11,In House,,,,,,,,,,,,
220704_17,220704_17,,220704_15,220704_15,220704_17,APOE33HN,female,Sedentary,HFD,47.0,1/6/2021,9/7/2022,20.3,20.0,1.67,18.1,,220704_15_apoe_channel3,A22070417,,,,,,,,,,1.0,,,,,,July22cohort,12,In House,,,,,,,,,,,,
220704_18,220704_18,,220704_16,220704_16,220704_18,APOE33HN,female,Sedentary,HFD,21.0,1/6/2021,9/7/2022,20.3,20.0,1.67,18.1,,220704_16_2_apoe_channel3,A22070418,,,,,,,,,,1.0,,,,,,July22cohort,13,In House,,,,,,,,,,,,
220704_19,220704_19,,220704_17,220704_17,220704_19,APOE33HN,female,Sedentary,HFD,39.0,1/6/2021,9/7/2022,20.3,20.0,1.67,18.1,,220704_17_2_apoe_channel3,A22070419,,,,,,,,,,1.0,,,,,,July22cohort,14,In House,,,,,,,,,,,,
220704_2,220704_2,,220704_2,220704_2,220704_2,APOE44,female,Sedentary,HFD,46.0,1/7/2021,9/7/2022,20.2,20.0,1.67,18.1,,220704_2_apoe_channel3,A22070402,,,,,,,,,Died during in vivo MRI imaging,1.0,,,,,,July22cohort,1,In House,,,,,,,,,,,,
220704_4,220704_4,,220704_3,220704_3,220704_4,APOE44,female,Sedentary,HFD,41.0,1/7/2021,9/8/2022,20.2,20.0,1.67,18.1,,220704_3_APOE_channel3,A22070404,,,,,,,,,,1.0,,,220704_3,,,July22cohort,2,In House,,,,,,,,,,,,
220704_5,220704_5,,220704_4,220704_4,220704_5,APOE44,female,Sedentary,HFD,29.0,1/7/2021,9/8/2022,20.2,20.0,1.67,18.1,,220704_4_APOE_channel3,A22070405,,,,,,,,,,1.0,,,,,,July22cohort,3,In House,,,,,,,,,,,,
220704_7,220704_7,,220704_7,220704_7,220704_7,APOE22HN,female,Sedentary,HFD,36.0,12/17/2020,9/15/2022,21.23333333,21.0,1.744444444,18.8,,220704_7,A22070407,,,,,,,,,,1.0,,,,,,July22cohort,5,In House,,,,,,,,,,,,
220704_8,220704_8,,220704_8,220704_8,220704_8,APOE22HN,female,Sedentary,HFD,33.0,12/20/2020,9/15/2022,21.13333333,21.0,1.736111111,18.7,,220704_8,A22070408,,,,,,,,,,1.0,,,,,,July22cohort,6,In House,,,,,,,,,,,,
220708_1,220708_1,,220708_1,220708_1,,APOE44HN,male,Sedentary,HFD,53.0,6/4/2021,7/8/2022,13.3,13.0,1.108333333,13.3,,,,,,,,,,,,RNA,0.0,,,,,,RNA Brain punches samples collection,4,,,,,,,,,,,,,
220708_2,220708_2,,220708_2,220708_2,,APOE44HN,male,Sedentary,HFD,45.0,6/4/2021,7/8/2022,13.3,13.0,1.108333333,13.3,,,,,,,,,,,,RNA,0.0,,,,,,RNA Brain punches samples collection,5,,,,,,,,,,,,,
220708_3,220708_3,,220708_3,220708_3,,APOE44HN,male,Sedentary,HFD,49.0,6/4/2021,7/8/2022,13.3,13.0,1.108333333,13.3,,,,,,,,,,,,RNA,0.0,,,,,,RNA Brain punches samples collection,6,,,,,,,,,,,,,
220708_4,220708_4,,220708_4,220708_4,,APOE44HN,male,Sedentary,HFD,45.0,6/4/2021,7/8/2022,13.3,13.0,1.108333333,13.3,,,,,,,,,,,,frozen the whole brain,0.0,,,,,,RNA Brain punches samples collection,7,,,,,,,,,,,,,
220728_1,220728_1,,220728_1,220728_1,,APOE33HN,male,Sedentary,HFD,50.0,6/17/2021,7/28/2022,13.53333333,14.0,1.127777778,13.53333333,,,,,,,,,,,,RNA ,0.0,,,,,,RNA Brain punches samples collection,24,,,,,,,,,,,,,
220728_2,220728_2,,220728_2,220728_2,,APOE33HN,male,Sedentary,HFD,51.0,6/17/2021,7/28/2022,13.53333333,14.0,1.127777778,13.53333333,,,,,,,,,,,,RNA ,0.0,,,,,,RNA Brain punches samples collection,25,,,,,,,,,,,,,
220728_3,220728_3,,220728_3,220728_3,,APOE33HN,male,Sedentary,HFD,51.0,6/17/2021,7/28/2022,13.53333333,14.0,1.127777778,13.53333333,,,,,,,,,,,,RNA ,0.0,,,,,,RNA Brain punches samples collection,26,,,,,,,,,,,,,
220728_4,220728_4,,220728_4,220728_4,,APOE33HN,male,Sedentary,HFD,51.0,6/17/2021,7/28/2022,13.53333333,14.0,1.127777778,13.53333333,,,,,,,,,,,,RNA ,0.0,,,,,,RNA Brain punches samples collection,27,,,,,,,,,,,,,
220728_5,220728_5,,220728_5,220728_5,,APOE33HN,male,Sedentary,HFD,45.0,6/17/2021,8/8/2022,13.9,14.0,1.158333333,13.9,,,,,,,,,,,,frozen the whole brain,0.0,,,220805_7,,,RNA Brain punches samples collection,28,,,,,,,,,,,,,
220728_6,220728_6,,220728_6,220728_6,,APOE33HN,male,Sedentary,HFD,36.0,6/17/2021,8/8/2022,13.9,14.0,1.158333333,13.9,,,,,,,,,,,,frozen the whole brain,0.0,,,220805_8,,,RNA Brain punches samples collection,29,,,,,,,,,,,,,
220804_1,220804_1,,220804_1,220804_1,,APOE22,male,Sedentary,HFD,48.0,6/20/2021,8/4/2022,13.66666667,14.0,1.138888889,13.66666667,,,,,,,,,,,,RNA,0.0,,,,,,RNA Brain punches samples collection,103,,,,,,,,,,,,,
220804_2,220804_2,,220804_2,220804_2,,APOE22,male,Sedentary,HFD,54.0,6/20/2021,8/4/2022,13.66666667,14.0,1.138888889,13.66666667,,,,,,,,,,,,RNA,0.0,,,,,,RNA Brain punches samples collection,104,,,,,,,,,,,,,
220804_3,220804_3,,220804_3,220804_3,,APOE22,male,Sedentary,HFD,52.0,6/20/2021,8/4/2022,13.66666667,14.0,1.138888889,13.66666667,,,,,,,,,,,,frozen the whole brain,0.0,,,,,,RNA Brain punches samples collection,105,,,,,,,,,,,,,
220804_4,220804_4,,220804_4,220804_4,,APOE22,female,Sedentary ,Control ,27.0,6/2/2021,8/4/2022,14.26666667,14.0,1.188888889,14.26666667,,,,,,,,,,,,frozen the whole brain,0.0,,,,,,RNA Brain punches samples collection,106,,,,,,,,,,,,,
220804_5,220804_5,,220804_5,220804_5,,APOE22,male,Sedentary ,Control ,30.0,6/2/2021,8/4/2022,14.26666667,14.0,1.188888889,14.26666667,,,,,,,,,,,,frozen the whole brain,0.0,,,,,,RNA Brain punches samples collection,107,,,,,,,,,,,,,
220808_10,220808_10,,220808_10,220808_10,220808_10,APOE22HN,female,Sedentary,HFD,25.0,2/28/2021,10/5/2022,19.1,19.0,1.57,17.53333333,,220808_10,A22080810,,,,,,,,,,1.0,,,,,,August22cohort,10,In House,,,,,,,,,,,,
220808_11,220808_11,,220808_11,220808_11,220808_11,APOE22HN,female,Sedentary,HFD,39.0,2/28/2021,10/5/2022,19.1,19.0,1.57,17.53333333,,220808_11,A22080811,,,,,,,,,,1.0,,,,,,August22cohort,11,In House,,,,,,,,,,,,
220808_12,220808_12,,220808_12,220808_12,220808_12,APOE22HN,female,Sedentary,HFD,32.0,2/28/2021,10/5/2022,19.1,19.0,1.57,17.53333333,,220808_12,A22080812,,,,,,,,,,1.0,,,,,,August22cohort,12,In House,,,,,,,,,,,,
220808_13,220808_13,,220808_13,220808_13,220808_13,APOE22HN,male,Sedentary,HFD,37.0,1/23/2021,10/5/2022,20.4,20.0,1.68,18.73333333,,220808_13,A22080813,,,,,,,,,,1.0,,,,,,August22cohort,13,In House,,,,,,,,,,,,
220808_14,220808_14,,220808_14,220808_14,220808_14,APOE22HN,male,Sedentary,HFD,49.0,1/23/2021,10/5/2022,20.4,20.0,1.68,18.73333333,,220808_14,A22080814,,,,,,,,,,1.0,,,,,,August22cohort,14,In House,,,,,,,,,,,,
220808_15,220808_15,,220808_15,220808_15,220808_15,APOE22HN,male,Sedentary,HFD,47.0,1/23/2021,10/6/2022,20.4,20.0,1.68,18.73333333,,220808_15,A22080815,,,,,,,,,,1.0,,,,,,August22cohort,15,In House,,,,,,,,,,,,
220808_16,220808_16,,220808_16,220808_16,220808_16,APOE22HN,male,Sedentary,HFD,38.0,1/23/2021,10/6/2022,20.4,20.0,1.68,18.73333333,,220808_16,A22080816,,,,,,,,,,1.0,,,,,,August22cohort,16,In House,,,,,,,,,,,,
220808_17,220808_17,,220808_17,220808_17,220808_17,APOE22HN,male,Sedentary,HFD,46.0,1/23/2021,10/6/2022,20.4,20.0,1.68,18.73333333,,220808_17,A22080817,,,,,,,,,,1.0,,,,,,August22cohort,17,In House,,,,,,,,,,,,
220808_18,220808_18,,220808_1,220808_1,220808_18,APOE44HN,male,Sedentary,Control,22.0,7/12/2021,10/12/2022,15.26666667,15.0,1.25,13.06666667,,220808_1_18abb11,A22080818,,,,,,,,,,1.0,,,220808_1,,,August22cohort,1,In House,,,,,,,,,,,,
220808_19,220808_19,,220808_2,220808_2,220808_19,APOE44HN,male,Sedentary,Control,18.0,7/12/2021,10/12/2022,15.26666667,15.0,1.25,13.06666667,,220808_2_18abb11,A22080819,,,,,,,,,,1.0,,,220808_2,,,August22cohort,2,In House,,,,,,,,,,,,
220808_20,220808_20,,220808_3,220808_3,220808_20,APOE44HN,male,Sedentary,Control,20.0,7/12/2021,10/13/2022,15.26666667,15.0,1.25,13.06666667,,220808_3_18abb11,A22080820,,,,,,,,,,1.0,,,220808_3,,,August22cohort,3,In House,,,,,,,,,,,,
220808_21,220808_21,,220808_4,220808_4,220808_21,APOE44HN,male,Sedentary,Control,27.0,7/12/2021,10/13/2022,15.26666667,15.0,1.25,13.06666667,,220808_4_18abb11,A22080821,,,,,,,,,,1.0,,,220808_4,,,August22cohort,4,In House,,,,,,,,,,,,
220808_22,220808_22,,220808_5,220808_5,220808_22,APOE44HN,male,Sedentary,Control,30.0,7/12/2021,10/13/2022,15.26666667,15.0,1.25,13.06666667,,220808_5_18abb11,A22080822,,,,,,,,,,1.0,,,220808_5,,,August22cohort,5,In House,,,,,,,,,,,,
220808_6,220808_6,,220808_6,220808_6,220808_6,APOE22HN,female,Sedentary,Control,27.0,1/6/2021,10/12/2022,21.5,22.0,1.7,19.3,,220808_6,A22080806,,,,,,,,,,1.0,,,,,,August22cohort,6,In House,,,,,,,,,,,,
220808_7,220808_7,,220808_7,220808_7,220808_7,APOE22HN,female,Sedentary,Control,24.0,1/6/2021,10/12/2022,21.5,22.0,1.7,19.3,,220808_7,A22080807,,,,,,,,,,1.0,,,,,,August22cohort,7,In House,,,,,,,,,,,,
220808_8,220808_8,,220808_8,220808_8,220808_8,APOE22HN,female,Sedentary,Control,28.0,1/6/2021,10/12/2022,21.5,22.0,1.7,19.3,,220808_8,A22080808,,,,,,,,,,1.0,,,,,,August22cohort,8,In House,,,,,,,,,,,,
220808_9,220808_9,,220808_9,220808_9,220808_9,APOE22HN,female,Sedentary,HFD,41.0,2/23/2021,10/5/2022,19.3,19.0,1.59,17.7,,220808_9,A22080809,,,,,,,,,,1.0,,,,,,August22cohort,9,In House,,,,,,,,,,,,
220812_1,220812_1,,220812_1,220812_1,,APOE44HN,female,Sedentary ,Control ,30.0,6/29/2021,8/12/2022,13.63333333,14.0,1.136111111,13.63333333,,,,,,,,,,,,RNA,0.0,,,,,,RNA Brain punches samples collection,8,,,,,,,,,,,,,
220812_2,220812_2,,220812_2,220812_2,,APOE44HN,female,Sedentary ,Control ,26.0,6/29/2021,8/12/2022,13.63333333,14.0,1.136111111,13.63333333,,,,,,,,,,,,RNA,0.0,,,,,,RNA Brain punches samples collection,9,,,,,,,,,,,,,
220812_3,220812_3,,220812_3,220812_3,,APOE44HN,female,Sedentary ,Control ,34.0,4/21/2020,8/12/2022,28.1,28.0,2.341666667,28.1,,,,,,,,,,,,frozen the whole brain,0.0,,,,,,RNA Brain punches samples collection,10,,,,,,,,,,,,,
220825_1,220825_1,,220825_1,220825_1,,APOE44HN,female,Sedentary ,Control ,25.0,6/24/2021,8/25/2022,14.23333333,14.0,1.186111111,14.23333333,,,,,,,,,,,,RNA,0.0,,,,,,RNA Brain punches samples collection,11,,,,,,,,,,,,,
220825_2,220825_2,,220825_2,220825_2,,APOE44HN,male,Sedentary ,Control ,35.0,6/29/2021,8/25/2022,14.06666667,14.0,1.172222222,14.06666667,,,,,,,,,,,,RNA,0.0,,,,,,RNA Brain punches samples collection,12,,,,,,,,,,,,,
220825_3,220825_3,,220825_3,220825_3,,APOE44HN,female,Sedentary,HFD,61.0,6/24/2021,8/25/2022,14.23333333,14.0,1.186111111,14.23333333,,,,,,,,,,,,RNA,0.0,,,,,,RNA Brain punches samples collection,13,,,,,,,,,,,,,
220825_4,220825_4,,220825_4,220825_4,,APOE44HN,female,Sedentary,HFD,56.0,6/24/2021,8/25/2022,14.23333333,14.0,1.186111111,14.23333333,,,,,,,,,,,,RNA,0.0,,,,,,RNA Brain punches samples collection,14,,,,,,,,,,,,,
220825_5,220825_5,,220825_5,220825_5,,APOE44HN,female,Sedentary,HFD,57.0,6/24/2021,8/25/2022,14.23333333,14.0,1.186111111,14.23333333,,,,,,,,,,,,RNA,0.0,,,,,,RNA Brain punches samples collection,15,,,,,,,,,,,,,
220825_6,220825_6,,220825_6,220825_6,,APOE44HN,female,Sedentary,HFD,48.0,6/24/2021,8/25/2022,14.23333333,14.0,1.186111111,14.23333333,,,,,,,,,,,,frozen the whole brain,0.0,,,,,,RNA Brain punches samples collection,16,,,,,,,,,,,,,
220905_1,220905_7,,220905_1,220905_1,220905_7,APOE44,male,Sedentary,HFD,45.0,3/6/2021,11/2/2022,20.2,20.0,1.66,18.3,,220905_1_18abb11,A22090507,,,,,,,,,,1.0,,,,,,September2022cohort,1,In House,,,,,,,,,,,,
220905_10,220905_10,,220905_10,220905_10,220905_10,APOE22HN,male,Sedentary,Control,32.0,2/28/2021,11/2/2022,20.4,20.0,1.67,18.5,,220905_10,A22090510,,,,,,,,,,1.0,,,,,,September2022cohort,4,In House,,,,,,,,,,,,
220905_11,220905_11,,220905_11,220905_11,220905_11,APOE22HN,male,Sedentary,Control,32.0,2/28/2021,11/2/2022,20.4,20.0,1.67,18.5,,220905_11_18abb11_apoe_1_2,A22090511,,,,,,,,,,1.0,,,,,,September2022cohort,5,In House,,,,,,,,,,,,
220905_12,220905_12,,220905_12,220905_12,220905_12,APOE22HN,male,Sedentary,Control,33.0,2/28/2021,11/2/2022,20.4,20.0,1.67,18.5,,220905_12,A22090512,,,,,,,,,,1.0,,,,,,September2022cohort,6,In House,,,,,,,,,,,,
220905_13,220905_13,,220905_13,220905_13,,APOE33,female,Exercise,Control,,3/2/2022,8/9/2023,17.5,18.0,1.458333333,6.233333333,,220905_13,A22090513,,,,,,,,,6 month control cohort,0.0,,,230606_7,,,September2022cohort,,In House,,,,,,,,,,,,
220905_14,220905_14,,220905_14,220905_14,,APOE33,female,Exercise,Control,,2/22/2022,8/9/2023,17.76666667,18.0,1.480555556,6.5,,220905_14,A22090514,,,,,,,,,6 month control cohort,0.0,,,230606_8,,,September2022cohort,,In House,,,,,,,,,,,,
220905_15,220905_15,,220905_15,220905_15,,APOE33,female,Exercise,Control,,2/22/2022,8/9/2023,17.76666667,18.0,1.480555556,6.5,,220905_15,A22090515,,,,,,,,,6 month control cohort,0.0,,,230606_9,,,September2022cohort,,In House,,,,,,,,,,,,
220905_16,220905_16,,220905_16,220905_16,,APOE33,female,Exercise,Control,,3/2/2022,8/9/2023,17.5,18.0,1.458333333,6.233333333,,220905_16,A22090516,,,,,,,,,6 month control cohort,0.0,,,230606_10,,,September2022cohort,,In House,,,,,,,,,,,,
220905_17,220905_17,,220905_17,220905_17,,APOE33,female,Exercise,Control,,3/2/2022,8/9/2023,17.5,18.0,1.458333333,6.233333333,,220905_17,A22090517,,,,,,,,,6 month control cohort,0.0,,,230606_11,,,September2022cohort,,In House,,,,,,,,,,,,
220905_18,220905_18,,220905_18,220905_18,,APOE44HN,male,Sedentary,Control,,2/20/2022,8/22/2023,18.26666667,18.0,1.522222222,6.566666667,,220905_18,A22090518,,,,,,,,,6 month control cohort,0.0,,,,,,September2022cohort,,In House,,,,,,,,,,,,
220905_19,220905_19,,220905_19,220905_19,,APOE44HN,male,Sedentary,Control,,2/20/2022,8/22/2023,18.26666667,18.0,1.522222222,6.566666667,,220905_19,A22090519,,,,,,,,,6 month control cohort,0.0,,,,,,September2022cohort,,In House,,,,,,,,,,,,
220905_2,220905_8,,220905_2,220905_2,220905_8,APOE44,female,Sedentary,HFD,37.0,3/6/2021,11/2/2022,20.2,20.0,1.66,18.3,,220905_2_18abb11,A22090508,,,,,,,,,,1.0,,,,,,September2022cohort,2,In House,,,,,,,,,,,,
220905_20,220905_20,,220905_20,220905_20,,APOE44HN,male,Sedentary,Control,,2/22/2022,8/22/2023,18.2,18.0,1.516666667,6.5,,220905_20,A22090520,,,,,,,,,6 month control cohort,0.0,,,,,,September2022cohort,,In House,,,,,,,,,,,,
220905_21,220905_21,,220905_21,220905_21,,APOE44,female,Exercise,Control,,3/2/2022,8/9/2023,17.5,18.0,1.458333333,6.233333333,,220905_21_apoe_18bb11,A22090521,,,,,,,,,6 month control cohort,0.0,,,230605_4,,,September2022cohort,,In House,,,,,,,,,,,,
220905_22,220905_22,,220905_22,220905_22,,APOE44,female,Exercise,Control,,3/2/2022,8/9/2023,17.5,18.0,1.458333333,6.233333333,,220905_22,A22090522,,,,,,,,,6 month control cohort,0.0,,,230605_5,,,September2022cohort,,In House,,,,,,,,,,,,
220905_23,220905_23,,220905_23,220905_23,,APOE44,male,Exercise,Control,,3/2/2022,8/3/2023,17.3,17.0,1.441666667,6.233333333,,220905_23,A22090523,,,,,,,,,6 month control cohort,0.0,,,230605_6,,,September2022cohort,,In House,,,,,,,,,,,,
220905_24,220905_24,,220905_24,220905_24,,APOE44,male,Exercise,Control,,3/2/2022,8/3/2023,17.3,17.0,1.441666667,6.233333333,,220905_24,A22090524,,,,,,,,,6 month control cohort,0.0,,,230605_7,,,September2022cohort,,In House,,,,,,,,,,,,
220905_25,220905_25,,220905_25,220905_25,,APOE44,male,Exercise,Control,,3/2/2022,8/3/2023,17.3,17.0,1.441666667,6.233333333,,220905_25,A22090525,,,,,,,,,6 month control cohort,0.0,,,230605_8,,,September2022cohort,,In House,,,,,,,,,,,,
220905_26,220905_26,,220905_26,220905_26,,APOE33HN,female,Exercise,Control,,2/14/2022,8/9/2023,18.03333333,18.0,1.502777778,6.766666667,,220905_26,A22090526,,,,,,,,,6 month control cohort,0.0,,,230607_4,,,September2022cohort,,In House,,,,,,,,,,,,
220905_27,220905_27,,220905_27,220905_27,,APOE33HN,female,Exercise,Control,,2/14/2022,8/9/2023,18.03333333,18.0,1.502777778,6.766666667,,220905_27,A22090527,,,,,,,,,6 month control cohort,0.0,,,230607_5,,,September2022cohort,,In House,,,,,,,,,,,,
220905_28,220905_28,,220905_28,220905_28,,APOE33HN,female,Exercise,Control,,2/14/2022,8/9/2023,18.03333333,18.0,1.502777778,6.766666667,,220905_28,A22090528,,,,,,,,,6 month control cohort,0.0,,,230607_6,,,September2022cohort,,In House,,,,,,,,,,,,
220905_29,220905_29,,220905_29,220905_29,,APOE33HN,female,Exercise,Control,,2/14/2022,,18.03333333,,,6.766666667,,,,,,,,,,,,6 month control cohort/Died,0.0,,,230607_7,,,September2022cohort,,In House,,,,,,,,,,,,
220905_3,220905_9,,220905_3,220905_3,220905_9,APOE44,male,Sedentary,HFD,36.0,3/6/2021,11/2/2022,20.2,20.0,1.66,18.3,,220905_3_18abb11,A22090509,,,,,,,,,,1.0,,,220906_11,,,September2022cohort,3,In House,,,,,,,,,,,,
220905_4,220905_4,,220905_4,220905_4,,APOE33HN,male,Exercise,Control,34.0,2/14/2022,8/10/2023,18.06666667,1.505555556,1.5,6.766666667,,220905_4,A22090504,,,,,,,,,6 month control cohort,0.0,,,230605_1,,,September2022cohort,,In House,,,,,,,,,,,,
220905_5,220905_5,,220905_5,220905_5,,APOE33HN,male,Exercise,Control,32.0,2/14/2022,8/10/2023,18.06666667,1.505555556,1.5,6.766666667,,220905_5,A22090505,,,,,,,,,6 month control cohort,0.0,,,230605_2,,,September2022cohort,,In House,,,,,,,,,,,,
220905_6,220905_6,,220905_6,220905_6,,APOE33HN,male,Exercise,Control,33.0,2/14/2022,8/10/2023,18.06666667,1.505555556,1.5,6.766666667,,220905_6,A22090506,,,,,,,,,6 month control cohort,0.0,,,230605_3,,,September2022cohort,,In House,,,,,,,,,,,,
220905_7,220905_1,,220905_7,220905_7,,APOE33HN,male,Sedentary,Control,,2/14/2022,8/23/2023,18.5,1.541666667,1.5,6.766666667,,220905_7_18abb11_ex,A22090501,,,,,,,,,6 month control cohort,0.0,,,230605_1,,,September2022cohort,,In House,,,,,,,,,,,,
220905_8,220905_2,,220905_8,220905_8,,APOE33HN,male,Sedentary,Control,,2/14/2022,8/23/2023,18.5,1.541666667,1.5,6.766666667,,220905_8_18abb11_ex,A22090502,,,,,,,,,6 month control cohort,0.0,,,230605_2,,,September2022cohort,,In House,,,,,,,,,,,,
220905_9,220905_3,,220905_9,220905_9,,APOE33HN,male,Sedentary,Control,,2/14/2022,8/23/2023,18.5,1.541666667,1.5,6.766666667,,220905_9_18abb11_ex,A22090503,,,,,,,,,6 month control cohort,0.0,,,230605_3,,,September2022cohort,,In House,,,,,,,,,,,,
220929_1,220929_1,,220929_1,220929_1,,APOE33,female,Sedentary,HFD,52.0,8/28/2021,9/29/2022,13.23333333,13.0,1.102777778,13.23333333,,,,,,,,,,,,RNA,0.0,,,,,,RNA Brain punches samples collection,85,,,,,,,,,,,,,
220929_2,220929_2,,220929_2,220929_2,,APOE33,female,Sedentary,HFD,43.0,8/28/2021,9/29/2022,13.23333333,13.0,1.102777778,13.23333333,,,,,,,,,,,,RNA,0.0,,,,,,RNA Brain punches samples collection,86,,,,,,,,,,,,,
220929_3,220929_3,,220929_3,220929_3,,APOE33,female,Sedentary,HFD,37.0,8/28/2021,9/29/2022,13.23333333,13.0,1.102777778,13.23333333,,,,,,,,,,,,RNA,0.0,,,,,,RNA Brain punches samples collection,87,,,,,,,,,,,,,
220929_4,220929_4,,220929_4,220929_4,,APOE33,female,Sedentary,HFD,43.0,8/13/2021,9/29/2022,13.73333333,14.0,1.144444444,13.73333333,,,,,,,,,,,,frozen the whole brain,0.0,,,,,,RNA Brain punches samples collection,88,,,,,,,,,,,,,
220929_5,220929_5,,220929_5,220929_5,,APOE33,female,Sedentary,HFD,58.0,8/13/2021,9/29/2022,13.73333333,14.0,1.144444444,13.73333333,,,,,,,,,,,,frozen the whole brain,0.0,,,,,,RNA Brain punches samples collection,89,,,,,,,,,,,,,
221003_1,221003_3,221108-3,221003_1,221003_1,221003_3,APOE22 ,female,Sedentary,HFD,21.0,9/15/2021,11/17/2022,14.26666667,14.0,1.172222222,12.76666667,,221003_1_apoe,A22100303,,,,,,,,,Found Already dead before perfusion,1.0,,,,,,October2022cohort,1,In House,,,,,,,,,,,,
221003_10,221003_10,,221003_10,221003_10,,APOE33HN,male,Exercise,Control,,3/13/2022,10/27/2023,19.76666667,20.0,1.647222222,6.8,,221003_10,A22100310,,,,,,,,,6 month control cohort,0.0,,,230926_3,,,October2022cohort,,In House,,,,,,,,,,,,
221003_11,221003_11,,221003_11,221003_11,,APOE33HN,female,Sedentary,Control,,3/13/2022,,17.6,,,6.8,,Died?,A22100311,,,,,,,,,6 month control cohort/Died5.1.23,0.0,,,,,,October2022cohort,,In House,,,,,,,,,,,,
221003_12,221003_12,,221003_12,221003_12,,APOE33HN,female,Sedentary,Control,,3/13/2022,8/23/2023,17.6,18.0,1.466666667,6.8,,221003_12,A22100312,,,,,,,,,6 month control cohort,0.0,,,,,,October2022cohort,,In House,,,,,,,,,,,,
221003_13,221003_13,,221003_13,221003_13,,APOE33HN,female,Sedentary,Control,,3/13/2022,8/23/2023,17.6,18.0,1.466666667,6.8,,221003_13,A22100313,,,,,,,,,6 month control cohort,0.0,,,,,,October2022cohort,,In House,,,,,,,,,,,,
221003_14,221003_14,,221003_14,221003_14,,APOE33HN,female,Sedentary,Control,,3/13/2022,,17.6,,,6.8,,Died?,A22100314,,,,,,,,,6 month control cohort/Died5.1.23,0.0,,,,,,October2022cohort,,In House,,,,,,,,,,,,
221003_15,221003_15,,221003_15,221003_15,,APOE22HN,male,Exercise,Control,,3/6/2022,8/10/2023,17.4,17.0,1.45,7.033333333,,221003_15,A22100315,,,,,,,,,6 month control cohort,0.0,,,230606_3,,,October2022cohort,,In House,,,,,,,,,,,,
221003_16,221003_16,,221003_16,221003_16,,APOE22HN,male,Exercise,Control,,3/6/2022,8/10/2023,17.4,17.0,1.45,7.033333333,,221003_16,A22100316,,,,,,,,,6 month control cohort,0.0,,,230606_4,,,October2022cohort,,In House,,,,,,,,,,,,
221003_17,221003_17,,221003_17,221003_17,,APOE22HN,male,Exercise,Control,,3/6/2022,8/10/2023,17.4,17.0,1.45,7.033333333,,221003_17,A22100317,,,,,,,,,6 month control cohort,0.0,,,230606_5,,,October2022cohort,,In House,,,,,,,,,,,,
221003_18,221003_18,,221003_18,221003_18,,APOE22HN,male,Exercise,Control,,3/6/2022,8/10/2023,17.4,17.0,1.45,7.033333333,,221003_18,A22100318,,,,,,,,,6 month control cohort,0.0,,,230606_6,,,October2022cohort,,In House,,,,,,,,,,,,
221003_19,221003_19,,221003_19,221003_19,,APOE22HN,female,Exercise,Control,,3/6/2022,8/3/2023,17.16666667,17.0,1.430555556,7.033333333,,221003_19,A22100319,,,,,,,,,6 month control cohort,0.0,,,230607_1,,,October2022cohort,,In House,,,,,,,,,,,,
221003_2,221003_4,221108-4,221003_2,221003_2,221003_4,APOE22 ,female,Sedentary,HFD,33.0,9/15/2021,11/17/2022,14.26666667,14.0,1.172222222,12.76666667,,221003_2_apoe,A22100304,,,,,,,,,,1.0,,,221108_4,,,October2022cohort,2,In House,,,,,,,,,,,,
221003_20,221003_20,,221003_20,221003_20,,APOE22HN,female,Exercise,Control,,3/6/2022,8/3/2023,17.16666667,17.0,1.430555556,7.033333333,,221003_20_apoe_b,A22100320,,,,,,,,,6 month control cohort,0.0,,,230607_2,,,October2022cohort,,In House,,,,,,,,,,,,
221003_21,221003_21,,221003_21,221003_21,,APOE22HN,female,Exercise,Control,,3/6/2022,8/3/2023,17.16666667,17.0,1.430555556,7.033333333,,221003_21,A22100321,,,,,,,,,6 month control cohort,0.0,,,230607_3,,,October2022cohort,,In House,,,,,,,,,,,,
221003_22,221003_22,,221003_22,221003_22,,APOE33 ,male,Sedentary,Control,,2/22/2022,8/22/2023,18.2,18.0,1.516666667,7.433333333,,221003_22,A22100322,,,,,,,,,6 month control cohort,0.0,,,,,,October2022cohort,,In House,,,,,,,,,,,,
221003_23,221003_23,,221003_23,221003_23,,APOE44HN,male,Exercise,Control,,3/8/2022,8/3/2023,17.1,17.0,1.425,6.966666667,,221003_23,A22100323,,,,,,,,,6 month control cohort,0.0,,,230606_1,,,October2022cohort,,In House,,,,,,,,,,,,
221003_24,221003_24,,221003_24,221003_24,,APOE44HN,male,Exercise,Control,,3/8/2022,,16.96666667,,,6.966666667,,Died?,A22100324,,,,,,,,,6 month control cohort/Euthanized,0.0,,,,,,October2022cohort,,In House,,,,,,,,,,,,
221003_25,221003_25,,221003_25,221003_25,,APOE44HN,male,Exercise,Control,,3/11/2022,8/2/2023,16.96666667,17.0,1.413888889,6.866666667,,221003_25,A22100325,,,,,,,,,6 month control cohort/Died during Invivo scan,0.0,,,230606_2,,,October2022cohort,,In House,,,,,,,,,,,,
221003_26,221003_26,,221003_26,221003_26,,APOE44HN,female,Sedentary,Control,,3/8/2022,8/21/2023,17.7,18.0,1.475,6.966666667,,221003_26,A22100326,,,,,,,,,6 month control cohort,0.0,,,,,,October2022cohort,,In House,,,,,,,,,,,,
221003_27,221003_27,,221003_27,221003_27,,APOE44HN,female,Sedentary,Control,,3/8/2022,8/21/2023,17.7,18.0,1.475,6.966666667,,221003_27,A22100327,,,,,,,,,6 month control cohort,0.0,,,,,,October2022cohort,,In House,,,,,,,,,,,,
221003_28,221003_28,,221003_28,221003_28,,APOE44HN,female,Sedentary,Control,,3/11/2022,8/21/2023,17.6,18.0,1.466666667,6.866666667,,221003_28,A22100328,,,,,,,,,6 month control cohort,0.0,,,,,,October2022cohort,,In House,,,,,,,,,,,,
221003_29,221003_29,,221003_29,221003_29,,APOE44HN,female,Sedentary,Control,,3/11/2022,8/21/2023,17.6,18.0,1.466666667,6.866666667,,221003_29,A22100329,,,,,,,,,6 month control cohort,0.0,,,,,,October2022cohort,,In House,,,,,,,,,,,,
221003_3,221003_5,,221003_3,221003_3,221003_5,APOE22 ,female,Sedentary,HFD,38.0,9/15/2021,11/17/2022,14.26666667,14.0,1.172222222,12.76666667,,221003_3_apoe,A22100305,,,,,,,,,,1.0,,,,,,October2022cohort,3,In House,,,,,,,,,,,,
221003_30,221003_30,,221003_30,221003_30,,APOE44HN,female,Sedentary,Control,,3/11/2022,8/21/2023,17.6,18.0,1.466666667,6.866666667,,221003_30,A22100330,,,,,,,,,6 month control cohort,0.0,,,,,,October2022cohort,,In House,,,,,,,,,,,,
221003_4,221003_6,,221003_4,221003_4,221003_6,APOE22 ,female,Sedentary,HFD,34.0,9/15/2021,11/17/2022,14.26666667,14.0,1.172222222,12.76666667,,221003_4_apoe,A22100306,,,,,,,,,,1.0,,,,,,October2022cohort,4,In House,,,,,,,,,,,,
221003_5,221003_7,221108-5,221003_5,221003_5,221003_7,APOE22 ,male,Sedentary,HFD,47.0,9/30/2021,11/17/2022,13.76666667,14.0,1.130555556,12.26666667,,221003_5_apoeb,A22100307,,,,,,,,,,1.0,,,221108_5,,,October2022cohort,5,In House,,,,,,,,,,,,
221003_6,221003_8,221108-6,221003_6,221003_6,221003_8,APOE22 ,male,Sedentary,HFD,42.0,9/30/2021,11/17/2022,13.76666667,14.0,1.130555556,12.26666667,,DIED,,,,,,,,,,Died during in vivo scanning,1.0,,,221108_6,,,October2022cohort,6,In House,,,,,,,,,,,,
221003_7,221003_9,,221003_7,221003_7,221003_9,APOE22 ,male,Sedentary,HFD,44.0,9/15/2021,11/17/2022,14.26666667,14.0,1.172222222,12.76666667,,221003_7_apoe,A22100309,,,,,,,,,,1.0,,,,,,October2022cohort,7,In House,,,,,,,,,,,,
221003_8,221003_8,,221003_8,221003_8,,APOE33HN,male,Exercise,Control,,3/13/2022,10/27/2023,19.76666667,20.0,1.647222222,6.8,,221003_8,A22100308,,,,,,,,,6 month control cohort,0.0,,,230926_1,,,October2022cohort,,In House,,,,,,,,,,,,
221003_9,221003_1,,221003_9,221003_9,,APOE33HN,male,Exercise,Control,,3/13/2022,10/27/2023,19.76666667,20.0,1.647222222,6.8,,221003_9,A22100301,,,,,,,,,6 month control cohort,0.0,,,230926_2,,,October2022cohort,,In House,,,,,,,,,,,,
221027_1,221027_1,,221027_1,221027_1,,APOE22,female,Sedentary ,Control ,26.0,9/30/2021,10/27/2022,13.03333333,13.0,1.086111111,13.03333333,,,,,,,,,,,,RNA ,0.0,,,,,,RNA Brain punches samples collection,108,,,,,,,,,,,,,
221027_2,221027_2,,221027_2,221027_2,,APOE22,female,Sedentary ,Control ,27.0,10/1/2021,10/27/2022,13.0,13.0,1.083333333,13.0,,,,,,,,,,,,RNA ,0.0,,,,,,RNA Brain punches samples collection,109,,,,,,,,,,,,,
221027_3,221027_3,,221027_3,221027_3,,APOE22,female,Sedentary ,Control ,26.0,11/19/2021,10/27/2022,11.36666667,11.0,0.9472222222,11.36666667,,,,,,,,,,,,RNA ,0.0,,,,,,RNA Brain punches samples collection,110,,,,,,,,,,,,,
221101_1,221101_1,,221101_1,221101_1,221101_1,APOE44,male,Sedentary,HFD,44.0,11/16/2021,12/15/2022,13.13333333,13.0,1.080555556,11.66666667,,221101_01,A22110101,,,,,,,,,,1.0,,,,,,November2022cohort,1,In House,,,,,,,,,,,,
221101_10,221101_10,,221101_10,221101_10,,APOE44,male,Exercise,Control,,3/29/2022,11/1/2023,19.4,19.0,1.616666667,7.233333333,,221101_10,A22110110,,,,,,,,,6 month control cohort,0.0,,,230926_12,,,November2022cohort,,In House,,,,,,,,,,,,
221101_11,221101_11,,221101_11,221101_11,,APOE44,male,Exercise,Control,,3/29/2022,11/1/2023,19.4,19.0,1.616666667,7.233333333,,221101_11_apoe,A22110111,,,,,,,,,6 month control cohort,0.0,,,230926_13,,,November2022cohort,,In House,,,,,,,,,,,,
221101_12,221101_12,,221101_12,221101_12,,APOE44,male,Exercise,Control,,3/29/2022,11/1/2023,19.4,19.0,1.616666667,7.233333333,,221101_12,A22110112,,,,,,,,,6 month control cohort,0.0,,,230926_14,,,November2022cohort,,In House,,,,,,,,,,,,
221101_13,221101_13,,221101_13,221101_13,,APOE22HN,female,Sedentary,Control,,4/18/2022,8/1/2023,15.66666667,16.0,1.305555556,6.566666667,,,,,,,,,,,,6 month control cohort/Micro CT,0.0,,,,230801-1,MicroCT9,November2022cohort,,In House,,,,,,,,,,,,
221101_14,221101_14,,221101_14,221101_14,,APOE22HN,female,Sedentary,Control,,4/18/2022,8/1/2023,15.66666667,16.0,1.305555556,6.566666667,,,,,,,,,,,,6 month control cohort/Micro CT,0.0,,,,230801-2,MicroCT9,November2022cohort,,In House,,,,,,,,,,,,
221101_15,221101_15,,221101_15,221101_15,,APOE22HN,male,Sedentary,Control,,4/18/2022,8/1/2023,15.66666667,16.0,1.305555556,6.566666667,,,,,,,,,,,,6 month control cohort/Micro CT,0.0,,,,230801-3,MicroCT9,November2022cohort,,In House,,,,,,,,,,,,
221101_16,221101_16,,221101_16,221101_16,,APOE22HN,male,Sedentary,Control,,4/18/2022,8/1/2023,15.66666667,16.0,1.305555556,6.566666667,,,,,,,,,,,,6 month control cohort/Micro CT,0.0,,,,230801-4,MicroCT9,November2022cohort,,In House,,,,,,,,,,,,
221101_17,221101_17,,221101_17,221101_17,,APOE22HN,male,Sedentary,Control,,4/18/2022,8/1/2023,15.66666667,16.0,1.305555556,6.566666667,,,,,,,,,,,,6 month control cohort/Micro CT,0.0,,,,230801-5,MicroCT9,November2022cohort,,In House,,,,,,,,,,,,
221101_18,221101_18,,221101_18,221101_18,,APOE22HN,male,Sedentary,Control,,4/18/2022,8/1/2023,15.66666667,16.0,1.305555556,6.566666667,,,,,,,,,,,,6 month control cohort/Micro CT,0.0,,,,230801-6,MicroCT9,November2022cohort,,In House,,,,,,,,,,,,
221101_19,221101_19,,221101_19,221101_19,,APOE22HN,male,Sedentary,Control,,4/18/2022,8/1/2023,15.66666667,16.0,1.305555556,6.566666667,,221101_19,A22110119,,,,,,,,,6 month control cohort/Micro CT,0.0,,,,230801-7,MicroCT9,November2022cohort,,In House,,,,,,,,,,,,
221101_2,221101_2,,221101_2,221101_2,221101_2,APOE44,male,Sedentary,HFD,41.0,11/16/2021,12/15/2022,13.13333333,13.0,1.080555556,11.66666667,,221101_02,A22110102,,,,,,,,,,1.0,,,,,,November2022cohort,2,In House,,,,,,,,,,,,
221101_20,221101_20,,221101_20,221101_20,,APOE44HN,female,Exercise,Control,28.0,5/2/2022,10/27/2023,18.1,18.0,1.508333333,6.1,,221101_20,A22110120,,,,,,,,,6 month control cohort,0.0,,,230926_6,,,November2022cohort,,In House,,,,,,,,,,,,
221101_21,221101_21,,221101_21,221101_21,,APOE44HN,female,Exercise,Control,,5/2/2022,,18.1,,,6.1,,,,,,,,,,,,6 month control cohort,0.0,Euthanized due to paralysis,,,,,November2022cohort,,In House,,,,,,,,,,,,
221101_22,221101_22,,221101_22,221101_22,,APOE44HN,female,Exercise,Control,16.0,5/2/2022,10/27/2023,18.1,18.0,1.508333333,6.1,,221101_22,A22110122,,,,,,,,,6 month control cohort,0.0,,,230926_7,,,November2022cohort,,In House,,,,,,,,,,,,
221101_23,221101_23,,221101_23,221101_23,,APOE44HN,female,Exercise,Control,27.0,5/2/2022,10/27/2023,18.1,18.0,1.508333333,6.1,,221101_23,A22110123,,,,,,,,,6 month control cohort,0.0,,,230926_8,,,November2022cohort,,In House,,,,,,,,,,,,
221101_24,221101_24,,221101_24,221101_24,,APOE44HN,female,Exercise,Control,23.0,5/2/2022,10/27/2023,18.1,18.0,1.508333333,6.1,,221101_24,A22110124,,,,,,,,,6 month control cohort,0.0,,,230926_9,,,November2022cohort,,In House,,,,,,,,,,,,
221101_3,221101_3,,221101_3,221101_3,221101_3,APOE44HN,male,Sedentary,HFD,42.0,11/30/2021,12/8/2022,24.83333333,24.0,2.041666667,23.36666667,,DIED,A22110103,,,,,,,,,Died during Survival Surgery,1.0,,,,,,November2022cohort,3,In House,,,,,,,,,,,,
221101_4,221101_4,,221101_4,221101_4,221101_4,APOE44HN,female,Sedentary,HFD,38.0,11/30/2021,12/15/2022,24.83333333,24.0,2.041666667,23.36666667,,221101_04,A22110104,,,,,,,,,,1.0,,,,,,November2022cohort,4,In House,,,,,,,,,,,,
221101_5,221101_5,,221101_5,221101_5,,APOE44HN,male,Sedentary,Control,,4/5/2022,8/22/2023,16.8,17.0,1.4,7.0,,221101_5,A22110105,,,,,,,,,6 month control cohort,0.0,,,,,,November2022cohort,,In House,,,,,,,,,,,,
221101_6,221101_6,,221101_6,221101_6,,APOE44HN,male,Sedentary,Control,,4/5/2022,8/22/2023,16.8,17.0,1.4,7.0,,221101_6,A22110106,,,,,,,,,6 month control cohort,0.0,,,,,,November2022cohort,,In House,,,,,,,,,,,,
221101_7,221101_7,,221101_7,221101_7,,APOE44,female,Exercise,Control,,3/29/2022,11/1/2023,19.4,19.0,1.616666667,7.233333333,,221101_7,A22110107,,,,,,,,,6 month control cohort,0.0,,,230926_15,,,November2022cohort,,In House,,,,,,,,,,,,
221101_8,221101_8,,221101_8,221101_8,,APOE44,female,Exercise,Control,,3/29/2022,11/1/2023,19.4,19.0,1.616666667,7.233333333,,221101_8,A22110108,,,,,,,,,6 month control cohort,0.0,,,230926_16,,,November2022cohort,,In House,,,,,,,,,,,,
221101_9,221101_9,,221101_9,221101_9,,APOE44,female,Exercise,Control,,3/29/2022,11/1/2023,19.4,19.0,1.616666667,7.233333333,,221101_9,A22110109,,,,,,,,,6 month control cohort,0.0,,,230926_17,,,November2022cohort,,In House,,,,,,,,,,,,
221104_1,221104_1,,221104_1,221104_1,,APOE33HN,male,Sedentary ,Control ,33.0,10/28/2021,11/4/2022,12.36666667,12.0,1.030555556,12.36666667,,,,,,,,,,,,RNA,0.0,,,,,,RNA Brain punches samples collection,31,,,,,,,,,,,,,
221104_2,221104_2,,221104_2,221104_2,,APOE33HN,male,Sedentary ,Control ,31.0,10/28/2021,11/4/2022,12.36666667,12.0,1.030555556,12.36666667,,,,,,,,,,,,frozen the whole brain,0.0,,,,,,RNA Brain punches samples collection,32,,,,,,,,,,,,,
221104_3,221104_3,,221104_3,221104_3,,APOE33HN,male,Sedentary ,Control ,32.0,10/28/2021,11/4/2022,12.36666667,12.0,1.030555556,12.36666667,,,,,,,,,,,,frozen the whole brain,0.0,,,,,,RNA Brain punches samples collection,33,,,,,,,,,,,,,
221128_1,230118_1,,221128_1,221128_1,230118_1,APOE44,male,Sedentary,Control,30.0,11/12/2021,1/18/2023,14.1,14.0,1.16,12.7,,221128_1_apoe,A23011801,,,,,,,,,,1.0,,,221111_10,,,December2022cohort,1,In House,,,,,,,,,,,,
221128_10,230118_4,,221128_10,221128_10,230118_4,APOE44,male,Sedentary,HFD,41.0,11/12/2021,1/19/2023,14.4,14.0,1.19,12.7,,221128_10_apoe,A23011804,,,,,,,,,,1.0,,,221128_10,,,December2022cohort,4,In House,,,,,,,,,,,,
221128_11,230118_5,,221128_11,221128_11,230118_5,APOE44,male,Sedentary,HFD,46.0,11/12/2021,1/19/2023,14.4,14.0,1.19,12.7,,221128_11_apoe,A23011805,,,,,,,,,,1.0,,,221128_11,,,December2022cohort,5,In House,,,,,,,,,,,,
221128_12,230118_6,,221128_12,221128_12,230118_6,APOE44,male,Sedentary,HFD,41.0,11/12/2021,1/19/2023,14.4,14.0,1.19,12.7,,221128_12_apoe,A23011806,,,,,,,,,,1.0,,,221128_12,,,December2022cohort,6,In House,,,,,,,,,,,,
221128_13,230118_7,221108-9,221128_13,221128_13,230118_7,APOE33,male,Sedentary,Control,25.0,11/15/2021,1/19/2023,14.3,14.0,1.18,12.6,,221128_13_apoe,A23011807,,,,,,,,,,1.0,,,221108_9,,,December2022cohort,7,In House,,,,,,,,,,,,
221128_14,221128_24,,221128_14,221128_14,,APOE33,female,Sedentary,Control,24.0,4/18/2022,11/6/2023,18.9,19.0,1.575,7.466666667,,221128_14,A22112824,,,,,,,,,6 month control cohort,0.0,,,,,,December2022cohort,,In House,,,,,,,,,,,,
221128_15,221128_25,,221128_15,221128_15,,APOE33,female,Sedentary,Control,39.0,5/9/2022,11/6/2023,18.2,18.0,1.516666667,6.766666667,,221128_15,A22112825,,,,,,,,,6 month control cohort,0.0,,,,,,December2022cohort,,In House,,,,,,,,,,,,
221128_16,221128_26,,221128_16,221128_16,,APOE33,female,Sedentary,Control,29.0,5/26/2022,11/6/2023,17.63333333,18.0,1.469444444,6.2,,221128_17_apoe2,A22112826,,,,,,,,,6 month control cohort,0.0,,,,,,December2022cohort,,In House,,,,,,,,,,,,
221128_17,221128_17,,221128_17,221128_17,,APOE33,male,Exercise,Control,34.0,5/26/2022,11/1/2023,17.46666667,17.0,1.455555556,6.2,,221128_17_apoe,A22112817,,,,,,,,,6 month control cohort,0.0,,,230926_18,,,December2022cohort,,In House,,,,,,,,,,,,
221128_18,221128_18,,221128_18,221128_18,,APOE33,male,Exercise,Control,35.0,5/26/2022,11/1/2023,17.46666667,17.0,1.455555556,6.2,,221128_18,A22112818,,,,,,,,,6 month control cohort,0.0,,,230926_19,,,December2022cohort,,In House,,,,,,,,,,,,
221128_19,221128_19,,221128_19,221128_19,,APOE44HN,male,Exercise,Control,35.0,5/2/2022,11/1/2023,18.26666667,18.0,1.522222222,7.0,,221101_19,A22112819,,,,,,,,,6 month control cohort,0.0,,,230926_10,,,December2022cohort,,In House,,,,,,,,,,,,
221128_2,230118_2,221108-7,221128_2,221128_2,230118_2,APOE44,female,Sedentary,Control,25.0,11/16/2021,1/18/2023,13.96,14.0,1.15,12.56666667,,221128_2_apoe,A23011802,,,,,,,,,,1.0,,,221108_7,,,December2022cohort,2,In House,,,,,,,,,,,,
221128_20,221128_20,,221128_20,221128_20,,APOE44HN,male,Exercise,Control,33.0,5/2/2022,11/1/2023,18.26666667,18.0,1.522222222,7.0,,221128_20,A22112820,,,,,,,,,6 month control cohort,0.0,,,230926_11,,,December2022cohort,,In House,,,,,,,,,,,,
221128_3,230118_3,221108-8,221128_3,221128_3,230118_3,APOE44,female,Sedentary,Control,26.0,11/16/2021,1/18/2023,13.96,14.0,1.15,12.56666667,,221128_3_apoe,A23011803,,,,,,,,,,1.0,,,221108_8,,,December2022cohort,3,In House,,,,,,,,,,,,
221128_4,221128_13,,221128_4,221128_4,,APOE22,female,Sedentary,Control,24.0,5/5/2022,5/4/2023,12.13333333,12.0,1.011111111,6.9,,221128_4_apoe_c,A22112813,,,,,,,,,6 month control cohort/Cardiac/Invivo,1.0,,,221128_4,,,December2022cohort,,In House,,,,,,,,,,,,
221128_5,221128_14,,221128_5,221128_5,,APOE22,female,Sedentary,Control,24.0,5/26/2022,5/4/2023,12.13333333,11.0,0.9527777778,6.2,,221128_5_apoe,A22112814,,,,,,,,,6 month control cohort/Cardiac/Invivo,1.0,,,221128_5,,,December2022cohort,,In House,,,,,,,,,,,,
221128_6,221128_15,,221128_6,221128_6,,APOE22,female,Sedentary,Control,23.0,5/5/2022,5/4/2023,12.13333333,12.0,1.011111111,6.9,,221128_6_apoe,A22112815,,,,,,,,,6 month control cohort/Cardiac/Invivo,1.0,,,221128_6,,,December2022cohort,,In House,,,,,,,,,,,,
221128_7,221128_16,,221128_7,221128_7,,APOE22,female,Sedentary,Control,23.0,5/26/2022,5/4/2023,11.43333333,11.0,0.9527777778,6.2,,221128_7_apoe,A22112816,,,,,,,,,6 month control cohort/Cardiac/Invivo,1.0,,,221128_7,,,December2022cohort,,In House,,,,,,,,,,,,
221128_8,221128_8,,221128_8,221128_8,,APOE22,male,Exercise,Control,32.0,5/5/2022,10/27/2023,18.0,18.0,1.5,6.9,,221128_8,A22112808,,,,,,,,,6 month control cohort,0.0,,,230926_4,,,December2022cohort,,In House,,,,,,,,,,,,
221128_9,221128_9,,221128_9,221128_9,,APOE22,male,Exercise,Control,31.0,5/5/2022,10/27/2023,18.0,19.0,1.5,6.9,,221128_9_apoe_18abb11,A22112809,,,,,,,,,6 month control cohort,0.0,,,230926_5,,,December2022cohort,,In House,,,,,,,,,,,,
221129_1,221129_1,,221129_1,221129_1,,APOE33,male,Sedentary,HFD,50.0,10/16/2021,11/29/2022,13.63333333,14.0,1.136111111,13.63333333,,,,,,,,,,,,RNA,0.0,,,221111_6,,,RNA Brain punches samples collection,90,,,,,,,,,,,,,
221129_2,221129_2,,221129_2,221129_2,,APOE33,male,Sedentary,HFD,46.0,10/16/2021,11/29/2022,13.63333333,14.0,1.136111111,13.63333333,,,,,,,,,,,,RNA,0.0,,,221111_7,,,RNA Brain punches samples collection,91,,,,,,,,,,,,,
221129_3,221129_3,,221129_3,221129_3,,APOE33,male,Sedentary,HFD,46.0,10/16/2021,11/29/2022,13.63333333,14.0,1.136111111,13.63333333,,,,,,,,,,,,RNA,0.0,,,221111_8,,,RNA Brain punches samples collection,92,,,,,,,,,,,,,
221129_4,221129_4,,221129_4,221129_4,,APOE33,male,Sedentary,HFD,46.0,10/16/2021,11/29/2022,13.63333333,14.0,1.136111111,13.63333333,,,,,,,,,,,,frozen the whole brain,0.0,,,221111_9,,,RNA Brain punches samples collection,93,,,,,,,,,,,,,
221130_1,221130_1,,221130_1,221130_1,,APOE33HN,female,Sedentary,HFD,32.0,10/28/2021,11/30/2022,12.36666667,12.0,1.030555556,12.36666667,,,,,,,,,,,,RNA,0.0,,,,,,RNA Brain punches samples collection,34,,,,,,,,,,,,,
221130_2,221130_2,,221130_2,221130_2,,APOE33HN,female,Sedentary,HFD,29.0,10/28/2021,11/30/2022,12.36666667,12.0,1.030555556,12.36666667,,,,,,,,,,,,RNA,0.0,,,,,,RNA Brain punches samples collection,35,,,,,,,,,,,,,
221130_3,221130_3,,221130_3,221130_3,,APOE33HN,female,Sedentary,HFD,33.0,10/28/2021,11/30/2022,12.36666667,12.0,1.030555556,12.36666667,,,,,,,,,,,,RNA,0.0,,,,,,RNA Brain punches samples collection,36,,,,,,,,,,,,,
221130_4,221130_4,,221130_4,221130_4,,APOE33HN,female,Sedentary,HFD,28.0,10/28/2021,11/30/2022,12.36666667,12.0,1.030555556,12.36666667,,,,,,,,,,,,frozen the whole brain,0.0,,,,,,RNA Brain punches samples collection,37,,,,,,,,,,,,,
230117_1,230117_1,,230117_1,230117_1,230117_1,APOE44HN,male,Sedentary,HFD,50.0,5/25/2021,2/22/2023,21.26666667,21.0,1.741666667,20.06666667,,230117_1,A23011701,,,,,,,,,,1.0,,,,,,January2023cohort,,,,,,,,,,,,,,
230117_10,230117_10,,230117_10,230117_10,230117_10,APOE22,male,Sedentary,HFD,36.0,6/2/2021,2/22/2023,21.03333333,21.0,1.725,19.8,,230117_10,A23011710,,,,,,,,,Died during In vivo imaging,1.0,,,,,,January2023cohort,,,,,,,,,,,,,,
230117_11,230117_11,,230117_11,230117_11,,APOE44,male,Sedentary,Control,31.0,6/4/2022,11/6/2023,17.33333333,17.0,1.444444444,7.566666667,,230117_11,A23011711,,,,,,,,,6 month control cohort,0.0,,,,,,January2023cohort,,,,,,,,,,,,,,
230117_12,230117_12,,230117_12,230117_12,,APOE44,male,Sedentary,Control,32.0,6/4/2022,11/6/2023,17.33333333,17.0,1.444444444,7.566666667,,230117_12_apoeb,A23011712,,,,,,,,,6 month control cohort,0.0,,,,,,January2023cohort,,,,,,,,,,,,,,
230117_13,230117_13,,230117_13,230117_13,,APOE44,male,Sedentary,Control,30.0,6/4/2022,11/6/2023,17.33333333,17.0,1.444444444,7.566666667,,230117_13,A23011713,,,,,,,,,6 month control cohort,0.0,,,,,,January2023cohort,,,,,,,,,,,,,,
230117_14,230117_14,,230117_14,230117_14,,APOE44,female,Sedentary,Control,28.0,6/4/2022,11/2/2023,17.2,17.0,1.433333333,7.566666667,,230117_14,A23011714,,,,,,,,,6 month control cohort,0.0,,,,,,January2023cohort,,,,,,,,,,,,,,
230117_15,230117_15,,230117_15,230117_15,,APOE44,female,Sedentary,Control,25.0,6/4/2022,11/2/2023,17.2,17.0,1.433333333,7.566666667,,230117_15,A23011715,,,,,,,,,6 month control cohort,0.0,,,,,,January2023cohort,,,,,,,,,,,,,,
230117_16,230117_16,,230117_16,230117_16,,APOE44,female,Sedentary,Control,25.0,6/4/2022,11/2/2023,17.2,17.0,1.433333333,7.566666667,,221128_16,A23011716,,,,,,,,,6 month control cohort,0.0,,,,,,January2023cohort,,,,,,,,,,,,,,
230117_17,230117_17,,230117_17,230117_17,,APOE44,female,Sedentary,Control,30.0,6/4/2022,11/2/2023,17.2,17.0,1.433333333,7.566666667,,230117_17,A23011717,,,,,,,,,6 month control cohort,0.0,,,,,,January2023cohort,,,,,,,,,,,,,,
230117_18,230117_18,,230117_18,230117_18,,APOE44,female,Sedentary,Control,27.0,6/4/2022,11/2/2023,17.2,17.0,1.433333333,7.566666667,,230117_18,A23011718,,,,,,,,,6 month control cohort,0.0,,,,,,January2023cohort,,,,,,,,,,,,,,
230117_19,230117_19,,230117_19,230117_19,230117_19,APOE44,male,Sedentary,Control,32.0,11/12/2021,2/22/2023,15.56666667,16.0,1.277777778,14.36666667,,230117_19,A23011719,,,,,,,,,,1.0,,,221130_9,,,January2023cohort,,,,,,,,,,,,,,
230117_2,230117_2,,230117_2,230117_2,230117_2,APOE44HN,male,Sedentary,HFD,47.0,5/25/2021,2/22/2023,21.26666667,21.0,1.741666667,20.06666667,,230117_2,A23011702,,,,,,,,,,1.0,,,,,,January2023cohort,,,,,,,,,,,,,,
230117_20,230117_20,,230117_20,230117_20,230117_20,APOE44,female,Sedentary,Control,32.0,11/12/2021,2/22/2023,15.56666667,16.0,1.277777778,14.36666667,,230117_20,A23011720,,,,,,,,,Died during In vivo imaging,1.0,,,,,,January2023cohort,,,,,,,,,,,,,,
230117_3,230117_3,,230117_3,230117_3,230117_3,APOE44HN,male,Sedentary,HFD,45.0,5/25/2021,2/21/2023,21.26666667,21.0,1.741666667,20.06666667,,230117_3,A23011703,,,,,,,,,Died during In vivo imaging,1.0,,,,,,January2023cohort,,,,,,,,,,,,,,
230117_4,230117_4,,230117_4,230117_4,230117_4,APOE44HN,male,Sedentary,HFD,35.0,5/25/2021,2/22/2023,21.26666667,21.0,1.741666667,20.06666667,,230117_4,A23011704,,,,,,,,,,1.0,,,,,,January2023cohort,,,,,,,,,,,,,,
230117_5,230117_5,,230117_5,230117_5,230117_5,APOE44HN,female,Sedentary,HFD,38.0,5/25/2021,2/22/2023,21.26666667,21.0,1.741666667,20.06666667,,230117_5,A23011705,,,,,,,,,,1.0,,,,,,January2023cohort,,,,,,,,,,,,,,
230117_6,230117_6,,230117_6,230117_6,230117_6,APOE44HN,female,Sedentary,HFD,50.0,5/25/2021,2/21/2023,21.26666667,21.0,1.741666667,20.06666667,,230117_6,A23011706,,,,,,,,,Died during In vivo imaging,1.0,,,220801_3,,,January2023cohort,,,,,,,,,,,,,,
230117_7,230117_7,,230117_7,230117_7,230117_7,APOE22,male,Sedentary,HFD,37.0,6/2/2021,2/23/2023,21.03333333,21.0,1.725,19.8,,230117_7_2_APOE,A23011707,,,,,,,,,,1.0,,,,,,January2023cohort,,,,,,,,,,,,,,
230117_8,230117_8,,230117_8,230117_8,230117_8,APOE22,male,Sedentary,HFD,42.0,6/2/2021,2/23/2023,21.03333333,21.0,1.725,19.8,,230117_8,A23011708,,,,,,,,,,1.0,,,,,,January2023cohort,,,,,,,,,,,,,,
230117_9,230117_9,,230117_9,230117_9,230117_9,APOE22,male,Sedentary,HFD,35.0,6/2/2021,2/23/2023,21.03333333,21.0,1.725,19.8,,230117_9,A23011709,,,,,,,,,,1.0,,,,,,January2023cohort,,,,,,,,,,,,,,
230213_1,230213_1,,230213_1,230213_1,,APOE22,male,Sedentary,Control,31.0,7/20/2022,2/29/2024,19.63333333,20.0,1.636111111,6.933333333,,230213_1,A23021301,,,,,,,,,6 month control cohort,0.0,,,230213_1,,,February2023cohort,,,,,,,,,,,,,,
230213_10,230213_30,,230213_10,230213_10,230213_30,APOE33HN,male,Sedentary,Control,29.0,8/14/2022,3/23/2023,7.633333333,8.0,0.6305555556,6.1,,230213_10_APOE,A23021330,,,,,,,,,6 month cohort/In vivo image on 3.22.23,0.0,,,,,,February2023cohort,,,,,,,,,,,,,,
230213_11,230213_21,,230213_11,230213_11,230213_21,KO,female,Sedentary,Control,26.0,1/1/2022,3/23/2023,15.13333333,15.0,1.25,13.6,,230213_11_apoe,A23021321,,,,,,,,,,1.0,,,230213_11,,,February2023cohort,,,,,,,,,,,,,,
230213_12,230213_22,,230213_12,230213_12,230213_22,KO,female,Sedentary,Control,23.0,1/1/2022,3/23/2023,15.13333333,15.0,1.25,13.6,,230213_12_APOE,A23021322,,,,,,,,,,1.0,,,230213_12,,,February2023cohort,,,,,,,,,,,,,,
230213_13,230213_23,,230213_13,230213_13,230213_23,KO,female,Sedentary,Control,23.0,1/1/2022,3/23/2023,15.13333333,15.0,1.25,13.6,,230213_13_APOE,A23021323,,,,,,,,,,1.0,,,230213_13,,,February2023cohort,,,,,,,,,,,,,,
230213_14,230213_24,,230213_14,230213_14,230213_24,KO,female,Sedentary,Control,25.0,1/11/2022,3/23/2023,14.8,15.0,1.222222222,13.26666667,,230213_14_APOE,A23021324,,,,,,,,,,1.0,,,,,,February2023cohort,,,,,,,,,,,,,,
230213_15,230213_25,,230213_15,230213_15,230213_25,KO,male,Sedentary,Control,32.0,1/18/2022,3/23/2023,14.56666667,15.0,1.202777778,13.03333333,,230213_15_APOE,A23021325,,,,,,,,,,1.0,,,,,,February2023cohort,,,,,,,,,,,,,,
230213_16,230213_26,,230213_16,230213_16,230213_26,KO,male,Sedentary,Control,31.0,11/27/2021,3/23/2023,16.3,16.0,1.344444444,14.76666667,,230213_16_APOE,A23021326,,,,,,,,,,1.0,,,230213_16,,,February2023cohort,,,,,,,,,,,,,,
230213_17,230213_27,,230213_17,230213_17,230213_27,KO,male,Sedentary,Control,30.0,11/27/2021,3/23/2023,16.3,16.0,1.344444444,14.76666667,,230213_17_APOE,A23021327,,,,,,,,,,1.0,,,230213_17,,,February2023cohort,,,,,,,,,,,,,,
230213_18,230213_28,,230213_18,230213_18,230213_28,KO,male,Sedentary,Control,32.0,11/27/2021,3/23/2023,16.3,16.0,1.344444444,14.76666667,,230213_18_apoe,A23021328,,,,,,,,,,1.0,,,230213_18,,,February2023cohort,,,,,,,,,,,,,,
230213_19,230213_31,,230213_19,230213_19,230213_31,KO,female,Sedentary,Control,29.0,1/18/2022,3/23/2023,14.56666667,15.0,1.202777778,13.03333333,,230213_19_APOE,A23021331,,,,,,,,,,1.0,,,,,,February2023cohort,,,,,,,,,,,,,,
230213_2,230213_2,,230213_2,230213_2,,APOE22,male,Sedentary,Control,27.0,7/20/2022,2/29/2024,19.63333333,20.0,1.636111111,6.933333333,,230213_2,A23021302,,,,,,,,,6 month control cohort,0.0,,,230213_2,,,February2023cohort,,,,,,,,,,,,,,
230213_20,230213_32,,230213_20,230213_20,230213_32,KO,female,Sedentary,Control,28.0,1/18/2022,3/23/2023,14.56666667,15.0,1.202777778,13.03333333,,230213_20_APOE,A23021332,,,,,,,,,,1.0,,,,,,February2023cohort,,,,,,,,,,,,,,
230213_3,230213_3,,230213_3,230213_3,,APOE22,male,Sedentary,Control,,7/20/2022,2/29/2024,19.63333333,20.0,1.636111111,6.933333333,,230213_3,A23021303,,,,,,,,,6 month control cohort,0.0,,,230213_3,,found dead no blood sample,February2023cohort,,,,,,,,,,,,,,
230213_4,230213_4,,230213_4,230213_4,,APOE22,male,Sedentary,Control,32.0,7/20/2022,2/29/2024,19.63333333,20.0,1.636111111,6.933333333,,230213_4_b,A23021304,,,,,,,,,6 month control cohort,0.0,,,230213_4,,,February2023cohort,,,,,,,,,,,,,,
230213_5,230213_5,,230213_5,230213_5,,APOE22,male,Sedentary,Control,29.0,7/20/2022,2/29/2024,19.63333333,20.0,1.636111111,6.933333333,,230213_5,A23021305,,,,,,,,,6 month control cohort,0.0,,,230213_5,,,February2023cohort,,,,,,,,,,,,,,
230213_6,230213_6,,230213_6,230213_6,,APOE44,male,Sedentary,Control,28.0,7/23/2022,2/29/2024,19.53333333,20.0,1.627777778,6.833333333,,230213_6,A23021306,,,,,,,,,6 month control cohort,0.0,,,230213_6,,Femur,February2023cohort,,,,,,,,,,,,,,
230213_7,230213_7,,230213_7,230213_7,,APOE44,male,Sedentary,Control,30.0,7/23/2022,3/1/2024,19.56666667,20.0,1.630555556,6.833333333,,230213_7,A23021307,,,,,,,,,6 month control cohort,0.0,,,230213_7,,Femur,February2023cohort,,,,,,,,,,,,,,
230213_8,230213_8,,230213_8,230213_8,,APOE44,male,Sedentary,Control,27.0,7/23/2022,3/1/2024,19.56666667,20.0,1.630555556,6.833333333,,230213_8,A23021308,,,,,,,,,6 month control cohort,0.0,,,230213_8,,,February2023cohort,,,,,,,,,,,,,,
230213_9,230213_29,,230213_9,230213_9,230213_29,APOE33HN,male,Sedentary,Control,35.0,8/14/2022,3/23/2023,7.633333333,8.0,0.6305555556,6.1,,230213_9_APOE,A23021329,,,,,,,,,6 month cohort/In vivo image on 3.22.23,0.0,,,,,,February2023cohort,,,,,,,,,,,,,,
230313_1,230313_1,,230313_1,230313_1,,APOE22,male,Exercise,Control,30.0,9/2/2022,2/14/2024,17.66666667,18.0,1.472222222,6.4,,230313_1,A23031301,,,,,,,,,6 month control cohort,0.0,,,240212_1,,,March2023cohort,,,,,,,,,,,,,,
230313_10,230313_22,,230313_10,230313_10,230313-22,KO,female,Sedentary,Control,25.0,10/21/2021,4/20/2023,18.23333333,18.0,1.5,16.93333333,,230313_10_apoe,A23031322,,,,,,,,,,1.0,,,,,,March2023cohort,,,,,,,,,,,,,,
230313_11,230313_23,,230313_11,230313_11,230313-23,KO,female,Sedentary,Control,27.0,10/21/2021,4/20/2023,18.23333333,18.0,1.5,16.93333333,,230313_11_apoe,A23031323,,,,,,,,,,1.0,,,,,,March2023cohort,,,,,,,,,,,,,,
230313_12,230313_24,,230313_12,230313_12,230313-24,KO,female,Sedentary,Control,24.0,10/21/2021,4/20/2023,18.23333333,18.0,1.5,16.93333333,,230313_12_apoe,A23031324,,,,,,,,,,1.0,,,,,,March2023cohort,,,,,,,,,,,,,,
230313_13,230313_25,,230313_13,230313_13,230313-25,KO,male,Sedentary,Control,32.0,9/28/2021,4/19/2023,19.0,19.0,1.563888889,17.7,,230313_13_apoe,A23031325,,,,,,,,,,1.0,,,,,,March2023cohort,,,,,,,,,,,,,,
230313_14,230313_26,,230313_14,230313_14,230313-26,KO,male,Sedentary,Control,32.0,9/28/2021,4/19/2023,19.0,19.0,1.563888889,17.7,,230313_14_apoe,A23031326,,,,,,,,,,1.0,,,,,,March2023cohort,,,,,,,,,,,,,,
230313_15,230313_27,,230313_15,230313_15,230313-27,KO,male,Sedentary,Control,33.0,9/28/2021,4/19/2023,19.0,19.0,1.563888889,17.7,,230313_15_apoe,A23031327,,,,,,,,,,1.0,,,,,,March2023cohort,,,,,,,,,,,,,,
230313_16,230313_28,,230313_16,230313_16,230313-28,APOE22,female,Sedentary,HFD,45.0,10/1/2021,4/19/2023,18.9,19.0,1.555555556,17.6,,230313_16_apoe,A23031328,,,,,,,,,,1.0,,,221130_5,,,March2023cohort,,,,,,,,,,,,,,
230313_17,230313_29,,230313_17,230313_17,230313-29,APOE22,female,Sedentary,HFD,32.0,10/1/2021,4/19/2023,18.9,19.0,1.555555556,17.6,,230313_17_apoe,A23031329,,,,,,,,,,1.0,,,221130_6,,,March2023cohort,,,,,,,,,,,,,,
230313_18,230313_30,,230313_18,230313_18,230313-30,APOE22,female,Sedentary,HFD,27.0,10/1/2021,4/19/2023,18.9,19.0,1.555555556,17.6,,230313_18_apoe,A23031330,,,,,,,,,,1.0,,,221130_7,,,March2023cohort,,,,,,,,,,,,,,
230313_2,230313_2,,230313_2,230313_2,,APOE22,male,Exercise,Control,31.0,9/2/2022,2/14/2024,17.66666667,18.0,1.472222222,6.4,,230313_2_apoe_b,A23031302,,,,,,,,,6 month control cohort,0.0,,,240212_2,,,March2023cohort,,,,,,,,,,,,,,
230313_3,230313_3,,230313_3,230313_3,,APOE22,male,Exercise,Control,29.0,9/2/2022,2/14/2024,17.66666667,18.0,1.472222222,6.4,,230313_3,A23031303,,,,,,,,,6 month control cohort,0.0,,,240212_3,,,March2023cohort,,,,,,,,,,,,,,
230313_4,230313_4,,230313_4,230313_4,,APOE22,female,Exercise,Control,19.0,9/2/2022,2/14/2024,17.66666667,18.0,1.472222222,6.4,,230313_4,A23031304,,,,,,,,,6 month control cohort,0.0,,,240212_4,,Femur ,March2023cohort,,,,,,,,,,,,,,
230313_5,230313_5,,230313_5,230313_5,,APOE22,female,Exercise,Control,24.0,9/2/2022,2/14/2024,17.66666667,18.0,1.472222222,6.4,,230313_5,A23031305,,,,,,,,,6 month control cohort,0.0,,,240212_5,,,March2023cohort,,,,,,,,,,,,,,
230313_6,230313_6,,230313_6,230313_6,,APOE22,female,Exercise,Control,22.0,9/2/2022,2/14/2024,17.66666667,18.0,1.472222222,6.4,,230313_6,A23031306,,,,,,,,,6 month control cohort,0.0,,,240212_6,,,March2023cohort,,,,,,,,,,,,,,
230313_7,230313_7,,230313_7,230313_7,,APOE22,female,Exercise,Control,24.0,9/2/2022,2/20/2024,17.86666667,18.0,1.488888889,6.4,,230313_7,A23031307,,,,,,,,,6 month control cohort,0.0,,,240212_9,,,March2023cohort,,,,,,,,,,,,,,
230313_8,230313_8,,230313_8,230313_8,,APOE22,female,Exercise,Control,24.0,9/2/2022,2/20/2024,17.86666667,18.0,1.488888889,6.4,,230313_8,A23031308,,,,,,,,,6 month control cohort,0.0,,,240212_10,,,March2023cohort,,,,,,,,,,,,,,
230313_9,230313_9,,230313_9,230313_9,,APOE22,female,Exercise,Control,23.0,9/2/2022,2/13/2024,17.63333333,18.0,1.469444444,6.4,,,,,,,,,,,,6 month control cohort,0.0,,,240212_11,Died before In vivo scanning,Femur ,March2023cohort,,,,,,,,,,,,,,
230410_1,230410_1,,230410_1,230410_1,230410-1,APOE22,male,Sedentary,HFD,36.0,10/1/2021,5/17/2023,19.76666667,20.0,1.666666667,18.53333333,,230410_1,A23041001,,,,,,,,,,1.0,,,221108_1,,,April2023cohort,,,,,,,,,,,,,,
230410_10,230410_10,,230410_10,230410_10,230410-10,APOE33HN,male,Sedentary,HFD,,8/1/2021,5/23/2023,22.0,22.0,1.833333333,20.56666667,,230410_10,A23041010,,,,,,,,,Died during In vivo scanning,1.0,,,,,,April2023cohort,,,,,,,,,,,,,,
230410_11,230410_11,,230410_11,230410_11,230410-11,APOE33HN,male,Sedentary,HFD,,8/1/2021,5/23/2023,22.0,22.0,1.833333333,20.56666667,,230410_11_apoe_18abb11,A23041011,,,,,,,,,Died during In vivo scanning,1.0,,,,,,April2023cohort,,,,,,,,,,,,,,
230410_12,230410_12,,230410_12,230410_12,230410-12,APOE33HN,male,Sedentary,HFD,43.0,8/1/2021,5/23/2023,22.0,22.0,1.833333333,20.56666667,,230410_12,A23041012,,,,,,,,,Died just before perfusion,1.0,,,,,,April2023cohort,,,,,,,,,,,,,,
230410_13,230410_13,,230410_13,230410_13,230410-13,APOE33HN,male,Sedentary,HFD,40.0,8/1/2021,5/23/2023,22.0,22.0,1.833333333,20.56666667,,230410_13,A23041013,,,,,,,,,,1.0,,,,,,April2023cohort,,,,,,,,,,,,,,
230410_14,230410_14,,230410_14,230410_14,230410-14,APOE33HN,female,Sedentary,HFD,,9/20/2021,,22.0,22.0,1.833333333,18.9,,Died after Behavioral experiment,,,,,,,,,,Died after Behavioral experiment,1.0,,,,,,April2023cohort,,,,,,,,,,,,,,
230410_15,230410_15,,230410_15,230410_15,230410-15,KO,female,Sedentary,Control,,10/19/2021,5/23/2023,19.36666667,19.0,1.613888889,17.93333333,,230410_15,A23041015,,,,,,,,,Died during In vivo scanning,1.0,,,,,,April2023cohort,,,,,,,,,,,,,,
230410_16,230410_16,,230410_16,230410_16,230410-16,KO,female,Sedentary,Control,,10/19/2021,,19.36666667,,,17.93333333,,Died after Survival Surgery,,,,,,,,,,Died after Survival Surgery,1.0,,,,,,April2023cohort,,,,,,,,,,,,,,
230410_17,230410_17,,230410_17,230410_17,230410-17,KO,female,Sedentary,Control,28.0,10/19/2021,5/23/2023,19.36666667,19.0,1.583333333,17.93333333,,230410_17,A23041017,,,,,,,,,,1.0,,,,,,April2023cohort,,,,,,,,,,,,,,
230410_18,230410_18,,230410_18,230410_18,230410-18,KO,female,Sedentary,Control,28.0,10/19/2021,5/23/2023,19.36666667,19.0,1.583333333,17.93333333,,230418_1_apoe,A23041018,,,,,,,,,,1.0,,,,,,April2023cohort,,,,,,,,,,,,,,
230410_19,230410_19,,230410_19,230410_19,230410-19,KO,male,Sedentary,Control,33.0,10/19/2021,5/23/2023,19.36666667,19.0,1.583333333,17.93333333,,230410_19,A23041019,,,,,,,,,,1.0,,,,,,April2023cohort,,,,,,,,,,,,,,
230410_2,230410_2,,230410_2,230410_2,230410-2,APOE33,male,Sedentary,HFD,42.0,10/12/2021,5/17/2023,19.4,19.0,1.583333333,18.16666667,,230410_2,A23041002,,,,,,,,,,1.0,,,221130_8,,,April2023cohort,,,,,,,,,,,,,,
230410_20,230410_20,,230410_20,230410_20,230410-20,KO,male,Sedentary,Control,33.0,10/19/2021,5/23/2023,19.36666667,19.0,1.583333333,17.93333333,,230410_20,A23041020,,,,,,,,,,1.0,,,,,,April2023cohort,,,,,,,,,,,,,,
230410_3,230410_3,,230410_3,230410_3,230410-3,APOE33,female,Sedentary,HFD,41.0,10/12/2021,5/17/2023,19.4,19.0,1.583333333,18.16666667,,230410_3_apoe_18abb11_apoe_b,A23041003,,,,,,,,,,1.0,,,,,,April2023cohort,,,,,,,,,,,,,,
230410_4,230410_4,,230410_4,230410_4,230410-4,APOE33,female,Sedentary,HFD,28.0,10/12/2021,5/17/2023,19.4,19.0,1.583333333,18.16666667,,230410_4,A23041004,,,,,,,,,,1.0,,,,,,April2023cohort,,,,,,,,,,,,,,
230410_5,230410_5,,230410_5,230410_5,230410-5,APOE33,female,Sedentary,HFD,43.0,11/15/2021,5/17/2023,18.26666667,18.0,1.5,17.03333333,,230410_5,A23041005,,,,,,,,,,1.0,,,,,,April2023cohort,,,,,,,,,,,,,,
230410_6,230410_6,,230410_6,230410_6,230410-6,APOE33,female,Sedentary,HFD,30.0,11/15/2021,5/17/2023,18.26666667,18.0,1.5,17.03333333,,230410_6,A23041006,,,,,,,,,,1.0,,,,,,April2023cohort,,,,,,,,,,,,,,
230410_7,230410_7,,230410_7,230410_7,230410-7,APOE33,female,Sedentary,HFD,39.0,11/15/2021,5/17/2023,18.26666667,18.0,1.5,17.03333333,,230410_7apoe,A23041007,,,,,,,,,,1.0,,,,,,April2023cohort,,,,,,,,,,,,,,
230410_8,230410_8,,230410_8,230410_8,230410-8,APOE22HN,male,Sedentary,HFD,34.0,8/15/2021,5/17/2023,21.33333333,21.0,1.75,20.1,,230410_8_apoe2,A23041008,,,,,,,,,,1.0,,,220805_5,,,April2023cohort,,,,,,,,,,,,,,
230410_9,230410_9,,230410_9,230410_9,230410-9,APOE22HN,female,Sedentary,HFD,52.0,10/3/2021,5/17/2023,19.7,20.0,1.666666667,18.46666667,,230410_9,A23041009,,,,,,,,,,1.0,,,,,,April2023cohort,,,,,,,,,,,,,,
230508_1,230508_1,,230508_1,230508_1,230508_1,KO,female,Sedentary,HFD,30.0,3/8/2022,6/15/2023,15.46666667,15.0,1.288888889,14.2,,230508_1,A23050801,,,,,,,,,,1.0,,,,,,May2023cohort,,,,,,,,,,,,,,
230508_10,230508_10,,230508_10,230508_10,230508_10,KO,male,Sedentary,HFD,32.0,11/16/2021,6/14/2023,19.16666667,19.0,1.597222222,17.93333333,,230508_10,A23050810,,,,,,,,,,1.0,,,,,,May2023cohort,,,,,,,,,,,,,,
230508_11,230508_11,,230508_11,230508_11,230508_11,KO,female,Sedentary,HFD,27.0,11/16/2021,6/22/2023,19.43333333,19.0,1.619444444,17.93333333,,230508_11,A23050811,,,,,,,,,,1.0,,,,,,May2023cohort,,,,,,,,,,,,,,
230508_12,230508_12,,230508_12,230508_12,230508_12,KO,female,Sedentary,HFD,,10/30/2021,,19.43333333,,,18.5,,Died,A23050812,,,,,,,,,Died after Behavioral experiment,1.0,,,,,,May2023cohort,,,,,,,,,,,,,,
230508_13,230508_13,,230508_13,230508_13,230508_13,KO,female,Sedentary,HFD,34.0,11/16/2021,6/22/2023,19.43333333,19.0,1.619444444,17.93333333,,230508_13,A23050813,,,,,,,,,,1.0,,,,,,May2023cohort,,,,,,,,,,,,,,
230508_14,230508_14,,230508_14,230508_14,230508_14,KO,female,Sedentary,HFD,29.0,11/16/2021,6/22/2023,19.43333333,19.0,1.619444444,17.93333333,,230508_14_apoe,A23050814,,,,,,,,,,1.0,,,,,,May2023cohort,,,,,,,,,,,,,,
230508_15,230508_15,,230508_15,230508_15,230508_15,KO,female,Sedentary,HFD,27.0,11/27/2021,6/21/2023,19.03333333,19.0,1.586111111,17.56666667,,230508_15,A23050815,,,,,,,,,,1.0,,,,,,May2023cohort,,,,,,,,,,,,,,
230508_16,230508_16,,230508_16,230508_16,230508_16,KO,male,Sedentary,HFD,30.0,11/27/2021,6/21/2023,19.03333333,19.0,1.586111111,17.56666667,,230508_16,A23050816,,,,,,,,,,1.0,,,,,,May2023cohort,,,,,,,,,,,,,,
230508_17,230508_17,,230508_17,230508_17,230508_17,APOE44HN,male,Sedentary,Control,31.0,11/26/2021,6/21/2023,19.06666667,19.0,1.588888889,17.6,,230508_17,A23050817,,,,,,,,,,1.0,,,,,,May2023cohort,,,,,,,,,,,,,,
230508_18,230508_18,,230508_18,230508_18,230508_18,APOE44HN,male,Sedentary,Control,28.0,11/26/2021,6/21/2023,19.06666667,19.0,1.588888889,17.6,,230508_18,A23050818,,,,,,,,,,1.0,,,,,,May2023cohort,,,,,,,,,,,,,,
230508_19,230508_19,,230508_19,230508_19,230508_19,APOE44HN,male,Sedentary,Control,30.0,12/21/2021,6/21/2023,18.23333333,18.0,1.519444444,16.76666667,,230508_19,A23050819,,,,,,,,,,1.0,,,,,,May2023cohort,,,,,,,,,,,,,,
230508_2,230508_2,,230508_2,230508_2,230508_2,KO,female,Sedentary,HFD,30.0,3/8/2022,6/15/2023,15.46666667,15.0,1.288888889,14.2,,230508_2,A23050802,,,,,,,,,,1.0,,,,,,May2023cohort,,,,,,,,,,,,,,
230508_3,230508_3,,230508_3,230508_3,230508_3,KO,female,Sedentary,HFD,28.0,3/8/2022,6/15/2023,15.46666667,15.0,1.288888889,14.2,,230508_3,A23050803,,,,,,,,,,1.0,,,,,,May2023cohort,,,,,,,,,,,,,,
230508_4,230508_4,,230508_4,230508_4,230508_4,KO,female,Sedentary,HFD,26.0,3/4/2022,6/15/2023,15.6,16.0,1.3,14.33333333,,230508_4,A23050804,,,,,,,,,,1.0,,,,,,May2023cohort,,,,,,,,,,,,,,
230508_5,230508_5,,230508_5,230508_5,230508_5,KO,female,Sedentary,HFD,32.0,3/4/2022,6/15/2023,15.6,16.0,1.3,14.33333333,,230508_5,A23050805,,,,,,,,,,1.0,,,,,,May2023cohort,,,,,,,,,,,,,,
230508_6,230508_6,,230508_6,230508_6,230508_6,KO,male,Sedentary,Control,32.0,10/30/2021,6/14/2023,19.73333333,20.0,1.644444444,18.5,,230508_6_apoe_8abb11,A23050806,,,,,,,,,,1.0,,,,,,May2023cohort,,,,,,,,,,,,,,
230508_7,230508_7,,230508_7,230508_7,230508_7,KO,male,Sedentary,Control,31.0,10/30/2021,6/14/2023,19.73333333,20.0,1.644444444,18.5,,230508_7,A23050807,,,,,,,,,,1.0,,,,,,May2023cohort,,,,,,,,,,,,,,
230508_8,230508_8,,230508_8,230508_8,230508_8,KO,male,Sedentary,HFD,39.0,11/16/2021,6/14/2023,19.16666667,19.0,1.597222222,17.93333333,,230508_8,A23050808,,,,,,,,,,1.0,,,,,,May2023cohort,,,,,,,,,,,,,,
230508_9,230508_9,,230508_9,230508_9,230508_9,KO,male,Sedentary,HFD,36.0,11/16/2021,6/14/2023,19.16666667,19.0,1.597222222,17.93333333,,230508_9,A23050809,,,,,,,,,,1.0,,,,,,May2023cohort,,,,,,,,,,,,,,
230605_1,230605_1,,230605_1,230605_1,230605-1,APOE44HN,female,Sedentary,HFD,43.0,11/26/2021,7/26/2023,20.23333333,20.0,1.686111111,18.53333333,,230605_1,A23060501,,,,,,,,,,1.0,,,220905_7,,,June2023cohort,,,,,,,,,,,,,,
230605_10,230605_10,,230605_10,230605_10,230605-10,APOE33,male,Sedentary,HFD,46.0,5/20/2022,8/2/2023,14.63333333,15.0,1.219444444,12.7,,230605_10,A23060510,,,,,,,,,,1.0,,,,,,June2023cohort,,,,,,,,,,,,,,
230605_11,230605_11,,230605_11,230605_11,230605-11,APOE33,male,Sedentary,HFD,51.0,12/17/2021,7/27/2023,19.56666667,20.0,1.630555556,17.83333333,,230605_11,A23060511,,,,,,,,,,1.0,,,,,,June2023cohort,,,,,,,,,,,,,,
230605_12,230605_12,,230605_12,230605_12,230605-12,APOE33,male,Sedentary,HFD,40.0,12/17/2021,7/27/2023,19.56666667,20.0,1.630555556,17.83333333,,230605_12_apoe_230605_12_18abb11b,A23060512,,,,,,,,,,1.0,,,,,,June2023cohort,,,,,,,,,,,,,,
230605_13,230605_13,,230605_13,230605_13,230605-13,APOE33,male,Sedentary,HFD,39.0,12/17/2021,7/27/2023,19.56666667,20.0,1.630555556,17.83333333,,220605_13_b,A23060513,,,,,,,,,,1.0,,,,,,June2023cohort,,,,,,,,,,,,,,
230605_14,230605_14,,230605_14,230605_14,230605-14,APOE33,male,Sedentary,HFD,44.0,12/17/2021,7/27/2023,19.56666667,20.0,1.630555556,17.83333333,,220605_14,A23060514,,,,,,,,,,1.0,,,,,,June2023cohort,,,,,,,,,,,,,,
230605_15,230605_15,,230605_15,230605_15,230605-15,APOE33HN,female,Exercise,Control,23.0,12/9/2022,2/20/2024,14.6,15.0,1.216666667,5.933333333,,230605_15_apoe_18abb11,A23060515,230605_15_apoe_b,B23060515,,,,,,,6 month control cohort,0.0,,,240212_7,,,June2023cohort,,,,,,,,,,,,,,
230605_16,230605_16,,230605_16,230605_16,230605-16,APOE33HN,female,Exercise,Control,23.0,12/9/2022,2/20/2024,14.6,15.0,1.216666667,5.933333333,,230605_16_apoe_18abb11,A23060516,230605_16_apoe_b,B23060516,,,,,,,6 month control cohort,0.0,,,240212_8,,,June2023cohort,,,,,,,,,,,,,,
230605_17,230605_17,,230605_17,230605_17,230605-17,APOE22HN,female,Sedentary,Control,30.0,12/6/2022,3/1/2024,15.03333333,15.0,1.252777778,6.033333333,,230605_17_apoe_18abb11,A23060517,230605_17_APOE_18abb11,B23060517,,,,,,,6 month control cohort,0.0,,,230605-17,,Femur,June2023cohort,,,,,,,,,,,,,,
230605_18,230605_18,,230605_18,230605_18,230605-18,APOE22HN,female,Sedentary,Control,28.0,12/6/2022,3/1/2024,15.03333333,15.0,1.252777778,6.033333333,,230605_18_apoe_18abb11,A23060518,230605_18_APOE_18abb11,B23060518,,,,,,,6 month control cohort,0.0,,,230605-18,,Femur,June2023cohort,,,,,,,,,,,,,,
230605_19,230605_19,,230605_19,230605_19,230605-19,APOE22HN,female,Sedentary,Control,28.0,12/6/2022,3/1/2024,15.03333333,15.0,1.252777778,6.033333333,,230605_19_apoe_18abb11,A23060519,230605_19_apoe_b,B23060519,,,,,,,6 month control cohort,0.0,,,230605-19,,,June2023cohort,,,,,,,,,,,,,,
230605_2,230605_2,,230605_2,230605_2,230605-2,APOE44HN,female,Sedentary,HFD,39.0,12/21/2021,7/26/2023,19.4,19.0,1.616666667,17.7,,230605_2,A23060502,,,,,,,,,,1.0,,,220905_8,,,June2023cohort,,,,,,,,,,,,,,
230605_20,230605_20,,230605_20,230605_20,230605-20,APOE22HN,female,Exercise,Control,23.0,12/6/2022,2/21/2024,14.73333333,15.0,1.227777778,6.033333333,,230605_20_apoe_18abb11,A23060520,230605_20_apoe_exo,B23060520,,,,,,,6 month control cohort,0.0,,,240212_12,,,June2023cohort,,,,,,,,,,,,,,
230605_21,230605_21,,230605_21,230605_21,230605-21,APOE22HN,female,Exercise,Control,25.0,12/6/2022,2/21/2024,14.73333333,15.0,1.227777778,6.033333333,,230605_21_apoe_18abb11,A23060521,230605_21_apoe_exo,B23060521,,,,,,,6 month control cohort,0.0,,,240212_13,,,June2023cohort,,,,,,,,,,,,,,
230605_22,230605_22,,230605_22,230605_22,230605-22,APOE33,male,Exercise,Control,31.0,12/5/2022,2/21/2024,14.76666667,15.0,1.230555556,6.066666667,,230605_22_apoe_18abb11,A23060522,230605_22_apoe_exo,B23060522,,,,,,,6 month control cohort,0.0,,,240212_14,,,June2023cohort,,,,,,,,,,,,,,
230605_23,230605_23,,230605_23,230605_23,230605-23,APOE33,male,Exercise,Control,31.0,12/5/2022,2/21/2024,14.76666667,15.0,1.230555556,6.066666667,,230605_23_apoe_18abb11,A23060523,230605_23_apoe_exo,B23060523,,,,,,,6 month control cohort,0.0,,,240212_15,,,June2023cohort,,,,,,,,,,,,,,
230605_24,230605_24,,230605_24,230605_24,230605-24,APOE33,male,Exercise,Control,29.0,12/5/2022,2/21/2024,14.76666667,15.0,1.230555556,6.066666667,,230605_24_apoe_18abb11,A23060524,230605_24_apoe_exo,B23060524,,,,,,,6 month control cohort,0.0,,,240212_16,,,June2023cohort,,,,,,,,,,,,,,
230605_25,230605_25,,230605_25,230605_25,230605-25,APOE33,male,Exercise,Control,31.0,12/5/2022,2/21/2024,14.76666667,15.0,1.230555556,6.066666667,,230605_25_apoe_18abb11,A23060525,230605_25_apoe_exo,B23060525,,,,,,,6 month control cohort,0.0,,,240212_17,,,June2023cohort,,,,,,,,,,,,,,
230605_3,230605_3,,230605_3,230605_3,230605-3,APOE44HN,female,Sedentary,HFD,38.0,12/21/2021,7/26/2023,19.4,19.0,1.616666667,17.7,,230605_3,A23060503,,,,,,,,,,1.0,,,220905_9,,,June2023cohort,,,,,,,,,,,,,,
230605_4,230605_4,,230605_4,230605_4,230605-4,APOE44HN,female,Sedentary,HFD,47.0,12/28/2021,7/26/2023,19.16666667,19.0,1.597222222,17.46666667,,230605_4,A23060504,,,,,,,,,,1.0,,,220905_21,,,June2023cohort,,,,,,,,,,,,,,
230605_5,230605_5,,230605_5,230605_5,230605-5,APOE44HN,female,Sedentary,HFD,45.0,12/28/2021,7/26/2023,19.16666667,19.0,1.597222222,17.46666667,,230605_5,A23060505,,,,,,,,,,1.0,,,220905_22,,,June2023cohort,,,,,,,,,,,,,,
230605_6,230605_6,,230605_6,230605_6,230605-6,APOE44HN,male,Sedentary,HFD,47.0,12/28/2021,8/2/2023,19.4,19.0,1.616666667,17.46666667,,230605_6,A23060506,,,,,,,,,,1.0,,,220905_23,,,June2023cohort,,,,,,,,,,,,,,
230605_7,230605_7,,230605_7,230605_7,230605-7,APOE44HN,male,Sedentary,HFD,39.0,12/28/2021,8/2/2023,19.4,19.0,1.616666667,17.46666667,,230605_7,A23060507,,,,,,,,,,1.0,,,220905_24,,,June2023cohort,,,,,,,,,,,,,,
230605_8,230605_8,,230605_8,230605_8,230605-8,APOE33,male,Sedentary,HFD,40.0,5/20/2022,8/2/2023,19.43333333,15.0,1.219444444,12.7,,230605_8,A23060508,,,,,,,,,,1.0,,,220905_25,,,June2023cohort,,,,,,,,,,,,,,
230605_9,230605_9,,230605_9,230605_9,230605-9,APOE33,male,Sedentary,HFD,,5/20/2022,,19.43333333,,,12.7,,Died,A23060509,,,,,,,,,Died during Behavioral experiment,1.0,,,,,,June2023cohort,,,,,,,,,,,,,,
230918_1,230918_1,,230918_1,230918_1,,APOE44HN,male ,Sedentary,Control,29.0,12/28/2022,11/7/2023,10.46666667,10.0,0.8722222222,8.8,,230918_1_C,A23091801,,,,,,,,,6month Control,0.0,,,,,,6month_MWM_1,1,In House,,,,,,,,,,,,
230918_10,230918_10,,230918_10,230918_10,,APOE33HN,female,Sedentary,Control,26.0,1/20/2023,11/7/2023,9.7,10.0,0.8083333333,8.03,,230918_10,A23091810,,,,,,,,,6month Control,0.0,,,,,,6month_MWM_1,10,In House,,,,,,,,,,,,
230918_11,230918_11,,230918_11,230918_11,,APOE33HN,male ,Sedentary,Control,31.0,1/20/2023,11/8/2023,9.733333333,10.0,0.8111111111,8.03,,230918_11,A23091811,,,,,,,,,6month Control,0.0,,,,,,6month_MWM_1,11,In House,,,,,,,,,,,,
230918_12,230918_12,,230918_12,230918_12,,APOE33HN,male ,Sedentary,Control,31.0,1/20/2023,11/8/2023,9.733333333,10.0,0.8111111111,8.03,,230918_12,A23091812,,,,,,,,,6month Control,0.0,,,,,,6month_MWM_1,12,In House,,,,,,,,,,,,
230918_13,230918_13,,230918_13,230918_13,,APOE33HN,male ,Sedentary,Control,31.0,1/20/2023,11/8/2023,9.733333333,10.0,0.8111111111,8.03,,230918_13,A23091813,,,,,,,,,6month Control,0.0,,,,,,6month_MWM_1,13,In House,,,,,,,,,,,,
230918_14,230918_14,,230918_14,230918_14,,APOE22HN,female,Sedentary,Control,26.0,1/20/2023,11/8/2023,9.733333333,10.0,0.8111111111,8.03,,230918_14,A23091814,,,,,,,,,6month Control,0.0,,,,,,6month_MWM_1,14,In House,,,,,,,,,,,,
230918_15,230918_15,,230918_15,230918_15,,APOE22HN,female,Sedentary,Control,27.0,1/20/2023,11/8/2023,9.733333333,10.0,0.8111111111,8.03,,230918_15,A23091815,,,,,,,,,6month Control,0.0,,,,,,6month_MWM_1,15,In House,,,,,,,,,,,,
230918_16,230918_16,,230918_16,230918_16,,APOE22HN,female,Sedentary,Control,28.0,1/20/2023,11/8/2023,9.733333333,10.0,0.8111111111,8.03,,230918_16,A23091816,,,,,,,,,6month Control,0.0,,,,,,6month_MWM_1,16,In House,,,,,,,,,,,,
230918_17,230918_17,,230918_17,230918_17,,APOE22HN,female,Sedentary,Control,29.0,1/20/2023,11/8/2023,9.733333333,10.0,0.8111111111,8.03,,230918_17,A23091817,,,,,,,,,6month Control,0.0,,,,,,6month_MWM_1,17,In House,,,,,,,,,,,,
230918_18,230918_18,,230918_18,230918_18,,APOE22HN,female,Sedentary,Control,29.0,1/20/2023,11/8/2023,9.733333333,10.0,0.8111111111,8.03,,230918_18,A23091818,,,,,,,,,6month Control,0.0,,,,,,6month_MWM_1,18,In House,,,,,,,,,,,,
230918_19,230918_19,,230918_19,230918_19,,APOE22HN,male ,Sedentary,Control,33.0,1/20/2023,11/8/2023,9.733333333,10.0,0.8111111111,8.03,,230918_19,A23091819,,,,,,,,,6month Control,0.0,,,,,,6month_MWM_1,19,In House,,,,,,,,,,,,
230918_2,230918_2,,230918_2,230918_2,,APOE44HN,male ,Sedentary,Control,29.0,12/28/2022,11/7/2023,10.46666667,10.0,0.8722222222,8.8,,230918_2,A23091802,,,,,,,,,6month Control,0.0,,,,,,6month_MWM_1,2,In House,,,,,,,,,,,,
230918_20,230918_20,,230918_20,230918_20,,APOE22HN,male ,Sedentary,Control,30.0,1/20/2023,11/8/2023,9.733333333,10.0,0.8111111111,8.03,,230918_20_apoe_b,A23091820,,,,,,,,,6month Control,0.0,,,,,,6month_MWM_1,20,In House,,,,,,,,,,,,
230918_21,230918_21,,230918_21,230918_21,,APOE22HN,male ,Sedentary,Control,33.0,1/20/2023,11/8/2023,9.733333333,10.0,0.8111111111,8.03,,230918_21,A23091821,,,,,,,,,6month Control,0.0,,,,,,6month_MWM_1,21,In House,,,,,,,,,,,,
230918_22,230918_22,,230918_22,230918_22,,APOE22HN,male ,Sedentary,Control,37.0,3/16/2023,11/9/2023,7.933333333,8.0,0.6611111111,6.2,,230918_22,A23091822,,,,,,,,,6month Control,0.0,,,,,,6month_MWM_1,22,In House,,,,,,,,,,,,
230918_23,230918_23,,230918_23,230918_23,,APOE22HN,male ,Sedentary,Control,31.0,3/16/2023,11/9/2023,7.933333333,8.0,0.6611111111,6.2,,230918_23,A23091823,,,,,,,,,6month Control,0.0,,,,,,6month_MWM_1,23,In House,,,,,,,,,,,,
230918_24,230918_24,,230918_24,230918_24,,APOE22HN,male ,Sedentary,Control,34.0,3/16/2023,11/9/2023,7.933333333,8.0,0.6611111111,6.2,,230918_24,A23091824,,,,,,,,,6month Control,0.0,,,,,,6month_MWM_1,24,In House,,,,,,,,,,,,
230918_3,230918_3,,230918_3,230918_3,,APOE33,female,Sedentary,Control,32.0,1/17/2023,11/7/2023,9.8,10.0,0.8166666667,8.13,,230918_3,A23091803,,,,,,,,,6month Control,0.0,,,,,,6month_MWM_1,3,In House,,,,,,,,,,,,
230918_4,230918_4,,230918_4,230918_4,,APOE33,female,Sedentary,Control,33.0,1/17/2023,11/7/2023,9.8,10.0,0.8166666667,8.13,,230918_4,A23091804,,,,,,,,,6month Control,0.0,,,,,,6month_MWM_1,4,In House,,,,,,,,,,,,
230918_5,230918_5,,230918_5,230918_5,,APOE33,male ,Sedentary,Control,33.0,1/17/2023,11/7/2023,9.8,10.0,0.8166666667,8.13,,230918_5,A23091805,,,,,,,,,6month Control,0.0,,,,,,6month_MWM_1,5,In House,,,,,,,,,,,,
230918_6,230918_6,,230918_6,230918_6,,APOE33,male ,Sedentary,Control,35.0,1/17/2023,11/7/2023,9.8,10.0,0.8166666667,8.13,,230918_6,A23091806,,,,,,,,,6month Control,0.0,,,,,,6month_MWM_1,6,In House,,,,,,,,,,,,
230918_7,230918_7,,230918_7,230918_7,,APOE33,male ,Sedentary,Control,3.0,1/17/2023,11/7/2023,9.8,10.0,0.8166666667,8.13,,230918_7,A23091807,,,,,,,,,6month Control,0.0,,,,,,6month_MWM_1,7,In House,,,,,,,,,,,,
230918_8,230918_8,,230918_8,230918_8,,APOE33,male ,Sedentary,Control,34.0,1/17/2023,11/7/2023,9.8,10.0,0.8166666667,8.13,,230918_8,A23091808,,,,,,,,,6month Control,0.0,,,,,,6month_MWM_1,8,In House,,,,,,,,,,,,
230918_9,230918_9,,230918_9,230918_9,,APOE33HN,female,Sedentary,Control,26.0,1/20/2023,11/7/2023,9.7,10.0,0.8083333333,8.03,,230918_9,A23091809,,,,,,,,,6month Control,0.0,,,,,,6month_MWM_1,9,In House,,,,,,,,,,,,
230925_1,230925_1,,230925_1,230925_1,,APOE22,female,Sedentary,Control,29.0,1/20/2023,11/9/2023,9.766666667,10.0,0.8138888889,8.266666667,,230925_1,A23092501,,,,,,,,,6month Control,0.0,,,,,,6month_MWM_2,1,In House,,,,,,,,,,,,
230925_10,230925_10,,230925_10,230925_10,,APOE22,male,Sedentary,Control,33.0,2/7/2023,11/13/2023,9.3,9.0,0.775,7.666666667,,230925_10,A23092510,,,,,,,,,6month Control,0.0,,,,,,6month_MWM_2,10,In House,,,,,,,,,,,,
230925_11,230925_11,,230925_11,230925_11,,APOE22,male,Sedentary,Control,27.0,2/7/2023,11/13/2023,9.3,9.0,0.775,7.666666667,,230925_11,A23092511,,,,,,,,,6month Control,0.0,,,,,,6month_MWM_2,11,In House,,,,,,,,,,,,
230925_12,230925_12,,230925_12,230925_12,,APOE22,male,Sedentary,Control,33.0,2/7/2023,11/13/2023,9.3,9.0,0.775,7.666666667,,230925_12_C,A23092512,,,,,,,,,6month Control,0.0,,,,,,6month_MWM_2,12,In House,,,,,,,,,,,,
230925_13,230925_13,,230925_13,230925_13,,APOE22,male,Sedentary,Control,33.0,2/7/2023,11/13/2023,9.3,9.0,0.775,7.666666667,,230925_13,A23092513,,,,,,,,,6month Control,0.0,,,,,,6month_MWM_2,13,In House,,,,,,,,,,,,
230925_14,230925_14,,230925_14,230925_14,,APOE22,male,Sedentary,Control,30.0,2/7/2023,11/13/2023,9.3,9.0,0.775,7.666666667,,230925_14,A23092514,,,,,,,,,6month Control,0.0,,,,,,6month_MWM_2,14,In House,,,,,,,,,,,,
230925_15,230925_15,,230925_15,230925_15,,APOE33HN,female,Sedentary,Control,28.0,2/20/2023,11/14/2023,8.9,9.0,0.7416666667,7.233333333,,230925_15,A23092515,,,,,,,,,6month Control,0.0,,,,,,6month_MWM_2,15,In House,,,,,,,,,,,,
230925_16,230925_16,,230925_16,230925_16,,APOE33HN,female,Sedentary,Control,25.0,2/20/2023,11/14/2023,8.9,9.0,0.7416666667,7.233333333,,230925_16,A23092516,,,,,,,,,6month Control,0.0,,,,,,6month_MWM_2,16,In House,,,,,,,,,,,,
230925_17,230925_17,,230925_17,230925_17,,APOE33HN,female,Sedentary,Control,28.0,2/20/2023,11/14/2023,8.9,9.0,0.7416666667,7.233333333,,230925_17,A23092517,,,,,,,,,6month Control,0.0,,,,,,6month_MWM_2,17,In House,,,,,,,,,,,,
230925_18,230925_18,,230925_18,230925_18,,APOE33HN,female,Sedentary,Control,25.0,2/20/2023,11/14/2023,8.9,9.0,0.7416666667,7.233333333,,230925_18,A23092518,,,,,,,,,6month Control,0.0,,,,,,6month_MWM_2,18,In House,,,,,,,,,,,,
230925_19,230925_19,,230925_19,230925_19,,APOE33HN,male,Sedentary,Control,32.0,2/20/2023,11/14/2023,8.9,9.0,0.7416666667,7.233333333,,230925_19,A23092519,,,,,,,,,6month Control,0.0,,,,,,6month_MWM_2,19,In House,,,,,,,,,,,,
230925_2,230925_2,,230925_2,230925_2,,APOE22,female,Sedentary,Control,26.0,1/20/2023,11/9/2023,9.766666667,10.0,0.8138888889,8.266666667,,230925_2,A23092502,,,,,,,,,6month Control,0.0,,,,,,6month_MWM_2,2,In House,,,,,,,,,,,,
230925_20,230925_20,,230925_20,230925_20,,APOE33HN,male,Sedentary,Control,33.0,2/20/2023,11/14/2023,8.9,9.0,0.7416666667,7.233333333,,230925_20,A23092520,,,,,,,,,6month Control,0.0,,,,,,6month_MWM_2,20,In House,,,,,,,,,,,,
230925_3,230925_3,,230925_3,230925_3,,APOE22,female,Sedentary,Control,27.0,2/7/2023,11/9/2023,9.166666667,9.0,0.7638888889,7.666666667,,230925_3,A23092503,,,,,,,,,6month Control,0.0,,,,,,6month_MWM_2,3,In House,,,,,,,,,,,,
230925_4,230925_4,,230925_4,230925_4,,APOE22,female,Sedentary,Control,27.0,2/7/2023,11/9/2023,9.166666667,9.0,0.7638888889,7.666666667,,230925_4,A23092504,,,,,,,,,6month Control,0.0,,,,,,6month_MWM_2,4,In House,,,,,,,,,,,,
230925_5,230925_5,,230925_5,230925_5,,APOE22,female,Sedentary,Control,27.0,2/7/2023,11/9/2023,9.166666667,9.0,0.7638888889,7.666666667,,230925_5,A23092505,,,,,,,,,6month Control,0.0,,,,,,6month_MWM_2,5,In House,,,,,,,,,,,,
230925_6,230925_6,,230925_6,230925_6,,APOE44HN,female,Sedentary,Control,24.0,1/23/2023,11/13/2023,9.8,10.0,0.8166666667,8.166666667,,230925_6,A23092506,,,,,,,,,6month Control,0.0,,,,,,6month_MWM_2,6,In House,,,,,,,,,,,,
230925_7,230925_7,,230925_7,230925_7,,APOE44HN,female,Sedentary,Control,28.0,1/23/2023,11/13/2023,9.8,10.0,0.8166666667,8.166666667,,230925_7,A23092507,,,,,,,,,6month Control,0.0,,,,,,6month_MWM_2,7,In House,,,,,,,,,,,,
230925_8,230925_8,,230925_8,230925_8,,APOE44HN,female,Sedentary,Control,34.0,1/23/2023,11/13/2023,9.8,10.0,0.8166666667,8.166666667,,230925_8,A23092508,,,,,,,,,6month Control,0.0,,,,,,6month_MWM_2,8,In House,,,,,,,,,,,,
230925_9,230925_9,,230925_9,230925_9,,APOE22,male,Sedentary,Control,34.0,1/20/2023,11/13/2023,9.9,10.0,0.825,8.266666667,,230925_9,A23092509,,,,,,,,,6month Control,0.0,,,,,,6month_MWM_2,9,In House,,,,,,,,,,,,
231204_1,231204_1,,231204_1,231204_1,,APOE44HN,female,Sedentary,Control ,23.0,5/1/2023,12/21/2023,7.8,8.0,0.65,7.233333333,,,,,,,,,,,,6 month control cohort,0.0,,,,,,6month_MWM_3,1,,,,,,,,,,,,,
231204_2,231204_2,,231204_2,231204_2,,APOE44HN,female,Sedentary,Control ,26.0,5/1/2023,12/21/2023,7.8,8.0,0.65,7.233333333,,,,,,,,,,,,6 month control cohort,0.0,,,,,,6month_MWM_3,2,,,,,,,,,,,,,
231204_3,231204_3,,231204_3,231204_3,,APOE44HN,female,Sedentary,Control ,21.0,5/1/2023,12/21/2023,7.8,8.0,0.65,7.233333333,,,,,,,,,,,,6 month control cohort,0.0,,,,,,6month_MWM_3,3,,,,,,,,,,,,,
231204_4,231204_4,,231204_4,231204_4,,APOE33,male,Sedentary,Control ,31.0,6/3/2023,12/21/2023,6.7,7.0,0.5583333333,6.133333333,,,,,,,,,,,,6 month control cohort,0.0,,,,,,6month_MWM_3,4,,,,,,,,,,,,,
231204_5,231204_5,,231204_5,231204_5,,APOE33,female,Sedentary,Control ,27.0,4/28/2023,12/21/2023,7.9,8.0,0.6583333333,7.333333333,,,,,,,,,,,,6 month control cohort,0.0,,,,,,6month_MWM_3,5,,,,,,,,,,,,,
231204_6,231204_6,,231204_6,231204_6,,APOE33,female,Sedentary,Control ,27.0,4/28/2023,12/21/2023,7.9,8.0,0.6583333333,7.333333333,,,,,,,,,,,,6 month control cohort,0.0,,,,,,6month_MWM_3,6,,,,,,,,,,,,,
231204_7,231204_7,,231204_7,231204_7,,APOE33,female,Sedentary,Control ,28.0,4/28/2023,12/21/2023,7.9,8.0,0.6583333333,7.333333333,,,,,,,,,,,,6 month control cohort,0.0,,,,,,6month_MWM_3,7,,,,,,,,,,,,,
240415_1,240415_1,,240415_1,240415_1,,APOE33,male,Sedentary,Control,36.0,4/28/2023,5/28/2024,13.2,13.0,1.1,,,240415_1,A24041501,,,,,,,,,,0.0,,,240415-1,,Femur,Control_Exercise study,,,,,,,,,,,,,,
240415_2,240415_2,,240415_2,240415_2,,APOE33,male,Sedentary,Control,34.0,1/17/2023,5/28/2024,16.56666667,17.0,1.380555556,,,240415_2_b,A24041502,,,,,,,,,,0.0,,,240415-2,,Femur,Control_Exercise study,,,,,,,,,,,,,,
240415_3,240415_3,,240415_3,240415_3,,APOE44,female,Sedentary,Control,29.0,11/23/2022,5/28/2024,18.4,18.0,1.533333333,,,240415_3,A24041503,,,,,,,,,,0.0,,,240415-3,,,Control_Exercise study,,,,,,,,,,,,,,
240415_4,240415_4,,240415_4,240415_4,,APOE44,female,Sedentary,Control,28.0,11/23/2022,5/28/2024,18.4,18.0,1.533333333,,,240415_4,A24041504,,,,,,,,,,0.0,,,240415-4,,Femur,Control_Exercise study,,,,,,,,,,,,,,
240415_5,240415_5,,240415_5,240415_5,,APOE33HN,female,Sedentary,Control,30.0,4/10/2023,5/29/2024,13.83333333,14.0,1.152777778,,,240415_5,A24041505,,,,,,,,,,0.0,,,240415-5,,Femur,Control_Exercise study,,,,,,,,,,,,,,
240415_6,240415_6,,240415_6,240415_6,,APOE33HN,female,Sedentary,Control,31.0,4/10/2023,5/29/2024,13.83333333,14.0,1.152777778,,,240415_6,A24041506,,,,,,,,,,0.0,,,240415-6,,Femur,Control_Exercise study,,,,,,,,,,,,,,
240415_7,240415_7,,240415_7,240415_7,,APOE33HN,male,Sedentary,Control,35.0,4/10/2023,5/28/2024,13.8,14.0,1.15,,,240415_7,A24041507,,,,,,,,,,0.0,,,240415-7,,Femur,Control_Exercise study,,,,,,,,,,,,,,
240415_8,240415_8,,240415_8,240415_8,,APOE33HN,male,Sedentary,Control,31.0,4/10/2023,5/28/2024,13.8,14.0,1.15,,,240415_8,A24041508,,,,,,,,,,0.0,,,240415-8,,Femur,Control_Exercise study,,,,,,,,,,,,,,
240415_9,240415_9,,240415_9,240415_9,,APOE44HN,female,Sedentary,Control,33.0,12/5/2022,5/29/2024,18.03333333,18.0,1.502777778,,,240415_9,A24041509,,,,,,,,,,0.0,,,240415-9,,Femur,Control_Exercise study,,,,,,,,,,,,,,
240429_1,240429_1,,240429_1,240429_1,,APOE33,female,Sedentary,Control,32.0,12/9/2022,5/28/2024,17.86666667,18.0,1.488888889,,,,,,,,,,,,,,0.0,,,,,Femur,Control_Exercise study,,,,,,,,,,,,,,
240429_2,240429_2,,240429_2,240429_2,,APOE33HN,male,Sedentary,Control,32.0,4/10/2023,5/28/2024,13.8,14.0,1.15,,,,,,,,,,,,,,0.0,,,,,Femur,Control_Exercise study,,,,,,,,,,,,,,
240429_3,240429_3,,240429_3,240429_3,,APOE44HN,female,Sedentary,Control,30.0,9/3/2022,5/29/2024,21.13333333,21.0,1.761111111,,,,,,,,,,,,,,0.0,,,,,Femur,Control_Exercise study,,,,,,,,,,,,,,
240429_4,240429_4,,240429_4,240429_4,,APOE44HN,female,Sedentary,Control,34.0,9/3/2022,5/29/2024,21.13333333,21.0,1.761111111,,,,,,,,,,,,,,0.0,,,,,Femur,Control_Exercise study,,,,,,,,,,,,,,
240429_5,240429_5,,240429_5,240429_5,,APOE44HN,female,Sedentary,Control,32.0,10/10/2022,5/29/2024,19.9,20.0,1.658333333,,,,,,,,,,,,,,0.0,,,,,Femur,Control_Exercise study,,,,,,,,,,,,,,
240429_6,240429_6,,240429_6,240429_6,, APOE33HN,female,Sedentary,Control,26.0,5/1/2023,5/30/2024,13.16666667,13.0,1.097222222,,,,,,,,,,,,,,0.0,,,,,Femur,Control_Exercise study,,,,,,,,,,,,,,
240429_7,240429_7,,240429_7,240429_7,,APOE33HN,female,Sedentary,Control,29.0,5/1/2023,5/30/2024,13.16666667,13.0,1.097222222,,,,,,,,,,,,,,0.0,,,,,Femur,Control_Exercise study,,,,,,,,,,,,,,
240429_8,240429_8,,240429_8,240429_8,,APOE33HN,female,Sedentary,Control,33.0,5/1/2023,5/30/2024,13.16666667,13.0,1.097222222,,,,,,,,,,,,,,0.0,,,,,Femur,Control_Exercise study,,,,,,,,,,,,,,
220929_1,220929_1,,220929_1,220929_1,,APOE33,female,Sedentary,HFD,52.0,8/28/2021,9/29/2022,13.03333333,13.0,1.086111111,,,220929_1,A22092901,,,,,,,,,,1.0,,,,,,RNA and in vivo imaging only,,In House,,,,,,,,,,,,
220929_2,220929_2,,220929_2,220929_2,,APOE33,female,Sedentary,HFD,43.0,8/29/2021,9/30/2022,13.03333333,13.0,1.086111111,,,220929_2,A22092902,,,,,,,,,,1.0,,,,,,RNA and in vivo imaging only,,In House,,,,,,,,,,,,
220929_3,220929_3,,220929_3,220929_3,,APOE33,female,Sedentary,HFD,37.0,8/30/2021,10/1/2022,13.03333333,13.0,1.086111111,,,220929_3,A22092903,,,,,,,,,,1.0,,,,,,RNA and in vivo imaging only,,In House,,,,,,,,,,,,
220929_4,220929_4,,220929_4,220929_4,,APOE33,female,Sedentary,HFD,43.0,8/31/2021,10/2/2022,13.06666667,13.0,1.088888889,,,220929_4,A22092904,,,,,,,,,,1.0,,,,,,RNA and in vivo imaging only,,In House,,,,,,,,,,,,
220929_5,220929_5,,220929_5,220929_5,,APOE33,female,Sedentary,HFD,58.0,9/1/2021,10/3/2022,13.06666667,13.0,1.088888889,,,220929_5,A22092905,,,,,,,,,,1.0,,,,,,RNA and in vivo imaging only,,In House,,,,,,,,,,,,
220727_1,220727_1,,220727_1,220727_1,,KO,female,Sedentary,Control ,25.0,6/26/2021,,,,,,,,,,,,,,,,,Died 09/22/23,0.0,,,220727_1,,,Cardiac_Scan_only,,,,,,,,,,,,,,
220727_2,220727_2,,220727_2,220727_2,,KO,female,Sedentary,Control ,27.0,6/26/2021,,,,,,,,,,,,,,,,,Died 09/22/23,0.0,,,220727_2,,,Cardiac_Scan_only,,,,,,,,,,,,,,
220727_3,220727_3,,220727_3,220727_3,,KO,female,Sedentary,Control ,28.0,6/26/2021,,,,,,,,,,,,,,,,,Died 08/04/23,0.0,,,220727_3,,,Cardiac_Scan_only,,,,,,,,,,,,,,
220727_4,220727_4,,220727_4,220727_4,,KO,female,Sedentary,Control ,22.0,6/26/2021,,,,,,,,,,,,,,,,,Died 12/28/22,0.0,,,220727_4,,,Cardiac_Scan_only,,,,,,,,,,,,,,
220801_1,220801_1,,220801_1,220801_1,,KO,male,Sedentary,Control ,31.0,8/27/2021,,,,,,,,,,,,,,,,,Died,0.0,,,220801_1,,,Cardiac_Scan_only,,,,,,,,,,,,,,
220801_2,220801_2,,220801_2,220801_2,,APOE44HN,female,Sedentary,Control ,25.0,7/12/2021,,,,,,,,,,,,,,,,,Died,0.0,,,220801_2,,,Cardiac_Scan_only,,,,,,,,,,,,,,
220805_1,220805_1,,220805_1,220805_1,,APOE22HN,female,Sedentary,Control ,22.0,8/15/2021,,,,,,,,,,,,,,,,,euthanized 8/22/23-genital deformity,0.0,,,220805_1,,,Cardiac_Scan_only,,,,,,,,,,,,,,
220805_2,220805_2,,220805_2,220805_2,,APOE22HN,female,Sedentary,Control ,35.0,8/15/2021,,,,,,,,,,,,,,,,,euthanized 4/25/23-tumor,0.0,,,220805_2,,,Cardiac_Scan_only,,,,,,,,,,,,,,
240514_1,240514_1,,240514_1,240514_1,,APOE22HN,male,Sedentary,Control ,30.0,8/15/2021,5/14/2024,33.43333333,33.0,2.786111111,,,,,,,,,,,,,Microfil cerebrovascular test,0.0,,,220805_4,,,Cardiac_Scan_only,,,,,,,,,,,,,,
220805_6,220805_6,,220805_6,220805_6,,APOE22HN,male,Sedentary,Control ,29.0,4/5/2021,,,,,,,,,,,,,,,,,I do not see any info in inventory,0.0,,,220805_6,,,Cardiac_Scan_only,,,,,,,,,,,,,,
221108_2,221108_2,,221108_2,221108_2,,APOE22,male,Sedentary,Control ,33.0,10/1/2021,,,,,,,,,,,,,,,,,18mth HFD April23/euthanized due to skin infection,0.0,,,221108_2,,,Cardiac_Scan_only,,,,,,,,,,,,,,
221111_1,221111_1,,221111_1,221111_1,,APOE33,female,Sedentary,Control ,30.0,12/17/2021,,,,,,,,,,,,,,,,,RNA & Proteomic study still in inventory,0.0,,,221111_1,,,Cardiac_Scan_only,,,,,,,,,,,,,,
221111_2,221111_2,,221111_2,221111_2,,APOE33,female,Sedentary,Control ,30.0,12/17/2021,,,,,,,,,,,,,,,,,RNA & Proteomic study still in inventory,0.0,,,221111_2,,,Cardiac_Scan_only,,,,,,,,,,,,,,
240403_1,240403_1,,240403_1,240403_1,,APOE33,female,Sedentary,Control ,27.0,12/17/2021,4/4/2024,27.96666667,27.0,2.330555556,,,,,,,,,,,,,RNA & Proteomic study still in inventory,0.0,,,221111_3,,Femur,Cardiac_Scan_only/Microfil,,,,,,,,,,,,,,
221111_4,221111_4,,221111_4,221111_4,,APOE33,female,Sedentary,Control ,29.0,12/17/2021,,,,,,,,,,,,,,,,,RNA & Proteomic study still in inventory,0.0,,,221111_4,,,Cardiac_Scan_only,,,,,,,,,,,,,,
221111_5,221111_5,,221111_5,221111_5,,APOE33,female,Sedentary,Control ,31.0,12/17/2021,,,,,,,,,,,,,,,,,RNA & Proteomic study still in inventory,0.0,,,221111_5,,,Cardiac_Scan_only,,,,,,,,,,,,,,
221130_10,221130_10,,221130_10,221130_10,,APOE33,male,Sedentary,Control ,41.0,11/15/2021,,,,,,,,,,,,,,,,,euthanized due to skin infection,0.0,,,221130_10,,,Cardiac_Scan_only,,,,,,,,,,,,,,
230307_1,230307_1,,230307_1,230307_1,,APOE33HN,female,Sedentary,Control ,30.0,12/12/2021,3/7/2023,15.0,15.0,1.25,,,,,,,,,,,,,MicroCT brain staining 03/07/2023,0.0,,,221130_2,,,Cardiac_Scan_only/MicroCT,,,,,,,,,,,,,,
230307_2,230307_2,,230307_2,230307_2,,APOE33HN,female,Sedentary,Control ,29.0,12/12/2021,3/7/2023,15.0,15.0,1.25,,,,,,,,,,,,,MicroCT brain staining 03/07/2023,0.0,,,221130_3,,,Cardiac_Scan_only/MicroCT,,,,,,,,,,,,,,
230307_3,230307_3,,230307_3,230307_3,,APOE33HN,female,Sedentary,Control ,27.0,12/12/2021,3/7/2023,15.0,15.0,1.25,,,,,,,,,,,,,MicroCT brain staining 03/07/2023,0.0,,,221130_4,,,Cardiac_Scan_only/MicroCT,,,,,,,,,,,,,,
210112_3,210112_3,,210112_3,210112_3,,APOE44HN,female,Sedentary,HFD,40.0,4/29/2020,,,,,,,,,,,,,,,,,Died,0.0,,,210112_3,,,Cardiac_Scan_only,,,,,,,,,,,,,,
210622_1,210622_1,,210622_1,210622_1,,KO,male,Sedentary,HFD,41.0,11/22/2020,,,,,,,,,,,,,,,,,April 12 HFD,0.0,,,210622_1,I don't see this study in master sheet,,Cardiac_Scan_only,,,,,,,,,,,,,,
210622_1,210622_1,,210622_1,210622_1,,KO,male ,Sedentary,HFD,40.9,11/22/2020,,,,,,,,,,,,,,,,,April 12 HFD,0.0,,,210622_1,I don't see this study in master sheet,,Cardiac_Scan_only,,,,,,,,,,,,,,
210622_2,210622_2,,210622_2,210622_2,,KO,female,Sedentary,HFD,41.4,7/2/2020,,,,,,,,,,,,,,,,,Don't see in the inventory,0.0,,,210622_2,,,Cardiac_Scan_only,,,,,,,,,,,,,,
210719_1,210719_1,,210719_1,210719_1,,KO,female,Sedentary,HFD,32.4,8/19/2020,,,,,,,,,,,,,,,,,Don't see in the inventory,0.0,,,210719-1,,,Cardiac_Scan_only,,,,,,,,,,,,,,
210719_2,210719_2,,210719_2,210719_2,,KO,female,Sedentary,HFD,28.7,8/19/2020,,,,,,,,,,,,,,,,,Don't see in the inventory,0.0,,,210719-2,,,Cardiac_Scan_only,,,,,,,,,,,,,,
210719_3,210719_3,,210719_3,210719_3,,KO,female,Sedentary,HFD,27.1,12/15/2020,,,,,,,,,,,,,,,,,April 12 HFD,0.0,,,210719-3,I don't see this study in master sheet,,Cardiac_Scan_only,,,,,,,,,,,,,,
210719_4,210719_4,,210719_4,210719_4,,KO,female,Sedentary,HFD,41.5,11/22/2020,,,,,,,,,,,,,,,,,April 12 HFD,0.0,,,210719-4,I don't see this study in master sheet,,Cardiac_Scan_only,,,,,,,,,,,,,,
210719_5,210719_5,,210719_5,210719_5,,KO,female,Sedentary,HFD,22.1,11/22/2020,,,,,,,,,,,,,,,,,April 12 HFD,0.0,,,210719-5,I don't see this study in master sheet,,Cardiac_Scan_only,,,,,,,,,,,,,,
210719_6,210719_6,,210719_6,210719_6,,KO,male,Sedentary,HFD,40.1,11/22/2020,,,,,,,,,,,,,,,,,April 12 HFD,0.0,,,210719-6,I don't see this study in master sheet,,Cardiac_Scan_only,,,,,,,,,,,,,,
210719_7,210719_7,,210719_7,210719_7,,KO,male,Sedentary,HFD,49.0,11/22/2020,,,,,,,,,,,,,,,,,April 12 HFD,0.0,,,210719-7,I don't see this study in master sheet,,Cardiac_Scan_only,,,,,,,,,,,,,,
211028_8,211028_8,,211028_8,211028_8,,KO,male,Sedentary,Control,31.0,2/3/2020,,,,,,,,,,,,,,,,,Don't see in the inventory,0.0,,,211028_8,,,Cardiac_Scan_only,,,,,,,,,,,,,,
230314_1,230314_1,,230314_1,230314_1,,KO,male,Sedentary,Control,30.0,3/8/2022,,,,,,,,,,,,,,,,,,0.0,,,230314_1,,,Cardiac_Scan_only,,,,,,,,,,,,,,
230314_2,230314_2,,230314_2,230314_2,,KO,male,Sedentary,Control,31.0,3/4/2022,,,,,,,,,,,,,,,,,Still in the inventory,0.0,,,230314_2,,,Cardiac_Scan_only,,,,,,,,,,,,,,
230910_1,230910_1,,240216_1,240216_1,,APOE44,female,Sedentary,HFD,30.0,4/20/2022,2/16/2024,22.23333333,22.0,1.852777778,,,230910_1,A23091001,,,,,,,,,,0.0,,,230810_1,,,Cardiac_Scan_only/RNA&Proteomic,,,,,,,,,,,,,,
230910_2,230910_2,,230910_2,230910_2,,APOE44,female,Sedentary,HFD,37.0,4/20/2022,,22.23333333,,,,,230910_2,A23091002,,,,,,,,,died,0.0,,,230810_2,,,Cardiac_Scan_only,,,,,,,,,,,,,,
230910_3,230910_3,,240216_3,240216_3,,APOE44,female,Sedentary,HFD,34.0,7/23/2022,2/16/2024,19.1,19.0,1.591666667,,,230910_3,A23091003,,,,,,,,,,0.0,,,230810_3,,,Cardiac_Scan_only/RNA&Proteomic,,,,,,,,,,,,,,
230910_4,230910_4,,240216_4,240216_4,,APOE44,female,Sedentary,HFD,33.0,7/23/2022,2/16/2024,19.1,19.0,1.591666667,,,230910_4,A23091004,,,,,,,,,,0.0,,,230810_4,,,Cardiac_Scan_only/RNA&Proteomic,,,,,,,,,,,,,,
240223_1,240223_1,,240223_1,240223_1,,KO,male,Sedentary,Control,28.0,3/8/2022,2/23/2024,23.9,24.0,1.991666667,,,,,,,,,,,,,,0.0,,,,,,RNA & Proteomic study,,,,,,,,,,,,,,
240223_2,240223_2,,240223_2,240223_2,,KO,female,Sedentary,Control,26.0,3/8/2022,2/23/2024,23.9,24.0,1.991666667,,,,,,,,,,,,,,0.0,,,,,,RNA & Proteomic study,,,,,,,,,,,,,,
240223_3,240223_3,,240223_3,240223_3,,KO,female,Sedentary,Control,23.0,6/10/2022,2/23/2024,20.76666667,21.0,1.730555556,,,,,,,,,,,,,,0.0,,,231030-1,,,RNA & Proteomic study,,,,,,,,,,,,,,
240219_1,240219_1,,240219_1,240219_1,,APOE44,male,Sedentary,Control,26.0,8/22/2023,3/7/2024,6.6,7.0,0.55,6.033333333,,240219_1,A24021901,,,,,,,,,6 month control cohort,0.0,,,,,,6month_MWM_4,,,,,,,,,,,,,,
240219_2,240219_2,,240219_2,240219_2,,APOE44HN,male,Sedentary,Control,29.0,8/14/2023,3/7/2024,6.866666667,7.0,0.5722222222,6.3,,240219_2,A24021902,,,,,,,,,6 month control cohort,0.0,,,,,,6month_MWM_4,,,,,,,,,,,,,,
240219_3,240219_3,,240219_3,240219_3,,APOE44HN,male,Sedentary,Control,31.0,8/14/2023,3/7/2024,6.866666667,7.0,0.5722222222,6.3,,240219_3,A24021903,,,,,,,,,6 month control cohort,0.0,,,,,,6month_MWM_4,,,,,,,,,,,,,,
231213_1,231213_1,,231213_1,231213_1,,APOE44HN,female,Sedentary,Control,20.0,2/20/2022,12/13/2023,22.03333333,22.0,1.836111111,,,,,,,,,,,,,,0.0,,,,,,RNA & Proteomic study,,,,,,,,,,,,,,
231213_2,231213_2,,231213_2,231213_2,,APOE44HN,female,Sedentary,Control,30.0,2/14/2022,12/13/2023,22.23333333,22.0,1.852777778,,,,,,,,,,,,,,0.0,,,,,,RNA & Proteomic study,,,,,,,,,,,,,,
231213_3,231213_3,,231213_3,231213_3,,APOE44HN,female,Sedentary,Control,27.0,2/14/2022,12/13/2023,22.23333333,22.0,1.852777778,,,,,,,,,,,,,,0.0,,,,,,RNA & Proteomic study,,,,,,,,,,,,,,
231213_4,231213_4,,231213_4,231213_4,,APOE33HN,male,Sedentary,Control,29.0,11/2/2021,12/13/2023,25.7,26.0,2.141666667,,,,,,,,,,,,,,0.0,,,,,,RNA & Proteomic study,,,,,,,,,,,,,,
231017_1,231017_1,,231017_1,231017_1,,KO,female,Sedentary,Control,27.0,8/27/2021,10/17/2023,26.03333333,26.0,2.169444444,,,,,,,,,,,,,,0.0,,,,,,RNA & Proteomic study,,,,,,,,,,,,,,
231017_2,231017_2,,231017_2,231017_2,,KO,female,Sedentary,Control,27.0,8/30/2021,10/17/2023,25.93333333,26.0,2.161111111,,,,,,,,,,,,,,0.0,,,,,,RNA & Proteomic study,,,,,,,,,,,,,,
231017_3,231017_3,,231017_3,231017_3,,KO,female,Sedentary,Control,23.0,8/30/2021,10/17/2023,25.93333333,26.0,2.161111111,,,,,,,,,,,,,,0.0,,,,,,RNA & Proteomic study,,,,,,,,,,,,,,
231017_4,231017_4,,231017_4,231017_4,,KO,female,Sedentary,Control,21.0,8/30/2021,10/17/2023,25.93333333,26.0,2.161111111,,,,,,,,,,,,,,0.0,,,,,,RNA & Proteomic study,,,,,,,,,,,,,,
230908_1,230908_1,,230908_1,230908_1,,APOE33,female,Sedentary,Control,30.0,12/22/2021,9/8/2023,20.83333333,21.0,1.736111111,,,,,,,,,,,,,Freeze Brain,0.0,,,,,,RNA & Proteomic study,,,,,,,,,,,,,,
230901_1,230901_1,,230901_1,230901_1,,APOE22HN,male ,Sedentary,HFD,39.0,10/3/2021,9/1/2023,23.26666667,23.0,1.938888889,,,,,,,,,,,,,,0.0,,,,,,RNA & Proteomic study,,,,,,,,,,,,,,
230901_2,230901_2,,230901_2,230901_2,,APOE22HN,male,Sedentary,HFD,54.0,10/3/2021,9/1/2023,23.26666667,23.0,1.938888889,,,,,,,,,,,,,,0.0,,,,,,RNA & Proteomic study,,,,,,,,,,,,,,
230831_1,230831_1,,230831_1,230831_1,,APOE22HN,female,Sedentary,HFD,59.0,10/3/2021,8/31/2023,23.23333333,23.0,1.936111111,,,,,,,,,,,,,,0.0,,,,,,RNA & Proteomic study,,,,,,,,,,,,,,
230831_2,230831_2,,230831_2,230831_2,,APOE22HN,female,Sedentary,HFD,42.0,10/3/2021,8/31/2023,23.23333333,23.0,1.936111111,,,,,,,,,,,,,,0.0,,,,,,RNA & Proteomic study,,,,,,,,,,,,,,
230831_3,230831_3,,230831_3,230831_3,,APOE22HN,female,Sedentary,HFD,65.0,10/3/2021,8/31/2023,23.23333333,23.0,1.936111111,,,,,,,,,,,,,,0.0,,,,,,RNA & Proteomic study,,,,,,,,,,,,,,
230830_1,230830_1,,230830_1,230830_1,,APOE22HN,male,Sedentary,Control,28.0,4/5/2021,8/30/2023,29.23333333,29.0,2.436111111,,,,,,,,,,,,,,0.0,,,,,,RNA & Proteomic study,,,,,,,,,,,,,,
230830_2,230830_2,,230830_2,230830_2,,APOE22HN,male,Sedentary,Control,32.0,4/5/2021,8/30/2023,29.23333333,29.0,2.436111111,,,,,,,,,,,,,,0.0,,,,,,RNA & Proteomic study,,,,,,,,,,,,,,
230830_3,230830_3,,230830_3,230830_3,,APOE22HN,male,Sedentary,Control,32.0,4/5/2021,8/30/2023,29.23333333,29.0,2.436111111,,,,,,,,,,,,,,0.0,,,,,,RNA & Proteomic study,,,,,,,,,,,,,,
230829_1,230829_1,,230829_1,230829_1,,APOE22HN,male,Sedentary,Control,31.0,2/23/2021,8/29/2023,30.56666667,31.0,2.547222222,,,,,,,,,,,,,,0.0,,,,,,RNA & Proteomic study,,,,,,,,,,,,,,
230829_2,230829_2,,230829_2,230829_2,,APOE22HN,male,Sedentary,Control,24.0,2/25/2021,8/29/2023,30.5,30.0,2.541666667,,,,,,,,,,,,,,0.0,,,,,,RNA & Proteomic study,,,,,,,,,,,,,,
230829_3,230829_3,,230829_3,230829_3,,APOE22HN,female,Sedentary,Control,30.0,6/29/2021,8/29/2023,26.36666667,26.0,2.197222222,,,,,,,,,,,,,,0.0,,,220805-1,,,RNA & Proteomic study,,,,,,,,,,,,,,
230829_4,230829_4,,230829_4,230829_4,,APOE22HN,female,Sedentary,Control,25.0,8/15/2021,8/29/2023,24.8,25.0,2.066666667,,,,,,,,,,,,,,0.0,,,220805-2,,,RNA & Proteomic study,,,,,,,,,,,,,,
230829_5,230829_5,,230829_5,230829_5,,APOE22HN,female,Sedentary,Control,24.0,4/21/2021,8/29/2023,28.66666667,29.0,2.388888889,,,,,,,,,,,,,,0.0,,,220805-3,,,RNA & Proteomic study,,,,,,,,,,,,,,
230609_1,230609_1,,230609_1,230609_1,,APOE33HN,male,Sedentary,Control,34.0,9/20/2021,6/9/2023,20.9,21.0,1.741666667,,,,,,,,,,,,,,0.0,,,,,,RNA & Proteomic study,,,,,,,,,,,,,,
230609_2,230609_2,,230609_2,230609_2,,APOE33HN,male,Sedentary,Control,33.0,9/20/2021,6/9/2023,20.9,21.0,1.741666667,,,,,,,,,,,,,,0.0,,,,,,RNA & Proteomic study,,,,,,,,,,,,,,
230609_3,230609_3,,230609_3,230609_3,,APOE33HN,male,Sedentary,Control,36.0,9/20/2021,6/9/2023,20.9,21.0,1.741666667,,,,,,,,,,,,,,0.0,,,,,,RNA & Proteomic study,,,,,,,,,,,,,,
230608_1,230608_1,,230608_1,230608_1,,APOE22HN,female,Sedentary,Control,25.0,1/6/2021,6/8/2023,29.43333333,29.0,2.452777778,,,,,,,,,,,,,,0.0,,,,,,RNA & Proteomic study,,,,,,,,,,,,,,
230608_2,230608_2,,230608_2,230608_2,,APOE22HN,female,Sedentary,Control,26.0,1/6/2021,6/8/2023,29.43333333,29.0,2.452777778,,,,,,,,,,,,,,0.0,,,,,,RNA & Proteomic study,,,,,,,,,,,,,,
230608_3,230608_3,,230608_3,230608_3,,APOE33HN,male,Sedentary,Control,33.0,8/1/2021,6/8/2023,22.53333333,22.0,1.877777778,,,,,,,,,,,,,,0.0,,,,,,RNA & Proteomic study,,,,,,,,,,,,,,
230607_4,230607_4,,230607_4,230607_4,,APOE33HN,female,Sedentary,Control,29.0,12/9/2020,6/7/2023,30.33333333,30.0,2.527777778,,,,,,,,,,,,,,0.0,,,,,,RNA & Proteomic study,,,,,,,,,,,,,,
230607_5,230607_5,,230607_5,230607_5,,APOE22HN,male,Sedentary,Control,35.0,1/6/2021,6/7/2023,29.4,29.0,2.45,,,,,,,,,,,,,,0.0,,,,,,RNA & Proteomic study,,,,,,,,,,,,,,
230607_6,230607_6,,230607_6,230607_6,,APOE22HN,male,Sedentary,Control,32.0,1/6/2021,6/7/2023,29.4,29.0,2.45,,,,,,,,,,,,,,0.0,,,,,,RNA & Proteomic study,,,,,,,,,,,,,,
230607_7,230607_7,,230607_7,230607_7,,APOE22HN,male,Sedentary,Control,32.0,1/23/2021,6/7/2023,28.83333333,29.0,2.402777778,,,,,,,,,,,,,,0.0,,,,,,RNA & Proteomic study,,,,,,,,,,,,,,
230511_1,230511_1,,230511_1,230511_1,,APOE44HN,male,Sedentary,Control,25.0,11/14/2022,5/11/2023,5.933333333,6.0,0.4944444444,,,,,,,,,,,,,Proteomic done,0.0,,,,,,RNA & Proteomic study,,,,,,,,,,,,,,
230511_2,230511_2,,230511_2,230511_2,,APOE44HN,female,Sedentary,Control,14.0,11/29/2022,5/11/2023,5.433333333,5.0,0.4527777778,,,,,,,,,,,,,Proteomic done,0.0,,,,,,RNA & Proteomic study,,,,,,,,,,,,,,
240212_1,240212_1,,240212_1,240212_1,,APOE33,female,Sedentary,Control,24.0,12/5/2022,3/6/2024,15.23333333,15.0,1.269444444,,,240212_1_apoe_b,A24021201,,,,,,,,,,0.0,,,240212-1,,Femur,Control_Exercise study,,,,,,,,,,,,,,
240212_2,240212_2,,240212_2,240212_2,,APOE33,female,Sedentary,Control,26.0,12/5/2022,3/6/2024,15.23333333,15.0,1.269444444,,,240212_2_apoe_b,A24021202,,,,,,,,,,0.0,,,240212-2,,Femur,Control_Exercise study,,,,,,,,,,,,,,
240212_3,240212_3,,240212_3,240212_3,,APOE22HN,male,Sedentary,Control,31.0,12/6/2022,3/6/2024,15.2,15.0,1.266666667,,,240212_3,A24021203,,,,,,,,,,0.0,,,240212-3,,Femur,Control_Exercise study,,,,,,,,,,,,,,
240212_4,240212_4,,240212_4,240212_4,,APOE22HN,male,Sedentary,Control,30.0,12/6/2022,3/6/2024,15.2,15.0,1.266666667,,,240212_4,A24021204,,,,,,,,,,0.0,,,240212-4,,Femur,Control_Exercise study,,,,,,,,,,,,,,
240212_5,240212_5,,240212_5,240212_5,,APOE22HN,male,Sedentary,Control,32.0,12/6/2022,3/6/2024,15.2,15.0,1.266666667,,,240212_5,A24021205,,,,,,,,,,0.0,,,240212-5,,,Control_Exercise study,,,,,,,,,,,,,,
240212_6,240212_6,,240212_6,240212_6,,APOE22HN,male,Sedentary,Control,30.0,12/6/2022,3/7/2024,15.23333333,15.0,1.269444444,,,240212_6,A24021206,,,,,,,,,,0.0,,,240212-6,,,Control_Exercise study,,,,,,,,,,,,,,
240212_7,240212_7,,240212_7,240212_7,,APOE22HN,female,Sedentary,Control,25.0,1/20/2023,3/7/2024,13.73333333,14.0,1.144444444,,,240212_7,A24021207,,,,,,,,,,0.0,,,240212-7,,,Control_Exercise study,,,,,,,,,,,,,,
240212_8,240212_8,,240212_8,240212_8,,APOE22,female,Sedentary,Control,26.0,11/14/2022,3/5/2024,15.9,16.0,1.325,,,240212_8,A24021208,,,,,,,,,,0.0,,,240212-8,,,Control_Exercise study,,,,,,,,,,,,,,
240212_9,240212_9,,240212_9,240212_9,,APOE22,female,Sedentary,Control,25.0,11/14/2022,3/5/2024,15.9,16.0,1.325,,,240212_9,A24021209,,,,,,,,,,0.0,,,240212-9,,,Control_Exercise study,,,,,,,,,,,,,,
240212_10,240212_10,,240212_10,240212_10,,APOE22,female,Sedentary,Control,24.0,11/14/2022,3/5/2024,15.9,16.0,1.325,,,240212_10,A24021210,,,,,,,,,,0.0,,,240212-10,,,Control_Exercise study,,,,,,,,,,,,,,
240212_11,240212_11,,240212_11,240212_11,,APOE22,female,Sedentary,Control,24.0,11/14/2022,3/5/2024,15.9,16.0,1.325,,,240212_11,A24021211,,,,,,,,,,0.0,,,240212-11,,Femur,Control_Exercise study,,,,,,,,,,,,,,
240212_12,240212_12,,240212_12,240212_12,,APOE22,female,Sedentary,Control,26.0,11/14/2022,3/5/2024,15.9,16.0,1.325,,,240212_12apoe,A24021212,,,,,,,,,,0.0,,,240212-12,,Femur,Control_Exercise study,,,,,,,,,,,,,,
240314_1,240314_1,,240314_1,240314_1,,APOE44HN,male,Sedentary,Control,38.0,6/30/2022,3/14/2024,20.76666667,21.0,1.730555556,,,,,,,,,,,,,,0.0,,,,,,RNA & Proteomic study,,,,,,,,,,,,,,
240314_2,240314_2,,240314_2,240314_2,,APOE44HN,female,Sedentary,Control,28.0,5/12/2022,3/14/2024,22.4,22.0,1.866666667,,,,,,,,,,,,,,0.0,,,,,,RNA & Proteomic study,,,,,,,,,,,,,,
240314_3,240314_3,,240314_3,240314_3,,APOE44HN,female,Sedentary,HFD,16.0,6/30/2022,3/14/2024,20.76666667,21.0,1.730555556,,,,,,,,,,,,,,0.0,,,,,,RNA & Proteomic study,,,,,,,,,,,,,,
240314_4,240314_4,,240314_4,240314_4,,APOE44HN,female,Sedentary,HFD,56.0,6/30/2022,3/14/2024,20.76666667,21.0,1.730555556,,,,,,,,,,,,,,0.0,,,,,,RNA & Proteomic study,,,,,,,,,,,,,,
240314_5,240314_5,,240314_5,240314_5,,APOE44HN,female,Sedentary,HFD,53.0,6/30/2022,3/14/2024,20.76666667,21.0,1.730555556,,,,,,,,,,,,,,0.0,,,,,,RNA & Proteomic study,,,,,,,,,,,,,,
240325_1,240325_1,,240325_1,240325_1,,APOE44,female,Sedentary,Control,26.0,9/18/2022,3/25/2024,18.46666667,18.0,1.538888889,,,,,,,,,,,,,,0.0,,,,,,RNA & Proteomic study,,,,,,,,,,,,,,
240325_2,240325_2,,240325_2,240325_2,,APOE44,female,Sedentary,Control,25.0,9/18/2022,3/25/2024,18.46666667,18.0,1.538888889,,,,,,,,,,,,,,0.0,,,,,Femur,RNA & Proteomic study,,,,,,,,,,,,,,
240325_3,240325_3,,240325_3,240325_3,,APOE44,female,Sedentary,Control,30.0,9/18/2022,3/25/2024,18.46666667,18.0,1.538888889,,,,,,,,,,,,,,0.0,,,,,Femur,RNA & Proteomic study,,,,,,,,,,,,,,
240325_4,240325_4,,240325_4,240325_4,,APOE44,female,Sedentary,Control,29.0,9/18/2022,3/25/2024,18.46666667,18.0,1.538888889,,,,,,,,,,,,,,0.0,,,,,,RNA & Proteomic study,,,,,,,,,,,,,,
240326_1,240326_1,,240326_1,240326_1,,APOE44,male,Sedentary,Control,31.0,6/4/2022,3/26/2024,22.03333333,22.0,1.836111111,,,,,,,,,,,,,,0.0,,,,,,RNA & Proteomic study,,,,,,,,,,,,,,
240326_2,240326_2,,240326_2,240326_2,,APOE44,female,Sedentary,Control,32.0,6/4/2022,3/26/2024,22.03333333,22.0,1.836111111,,,,,,,,,,,,,,0.0,,,,,,RNA & Proteomic study,,,,,,,,,,,,,,
240326_3,240326_3,,240326_3,240326_3,,APOE44,male,Sedentary,Control,33.0,7/23/2022,3/27/2024,20.43333333,20.0,1.702777778,,,,,,,,,,,,,,0.0,,,,,,RNA & Proteomic study,,,,,,,,,,,,,,
240326_4,240326_4,,240326_4,240326_4,,APOE44,male,Sedentary,Control,34.0,7/23/2022,3/27/2024,20.43333333,20.0,1.702777778,,,,,,,,,,,,,,0.0,,,,,,RNA & Proteomic study,,,,,,,,,,,,,,
240326_5,240326_5,,240326_5,240326_5,,APOE44,male,Sedentary,Control,30.0,7/23/2022,3/27/2024,20.43333333,20.0,1.702777778,,,,,,,,,,,,,,0.0,,,,,,RNA & Proteomic study,,,,,,,,,,,,,,
240326_6,240326_6,,240326_6,240326_6,,APOE44,male,Sedentary,Control,33.0,7/23/2022,3/27/2024,20.43333333,20.0,1.702777778,,,,,,,,,,,,,,0.0,,,,,,RNA & Proteomic study,,,,,,,,,,,,,,
240329_1,240329_1,,240329_1,240329_1,,APOE22,male,Sedentary,Control,30.0,9/2/2022,3/29/2024,19.13333333,19.0,1.594444444,,,,,,,,,,,,,,0.0,,,,,Femur,RNA & Proteomic study,,,,,,,,,,,,,,
240329_2,240329_2,,240329_2,240329_2,,APOE22,male,Sedentary,Control,27.0,9/2/2022,3/29/2024,19.13333333,19.0,1.594444444,,,,,,,,,,,,,,0.0,,,,,Femur,RNA & Proteomic study,,,,,,,,,,,,,,
240329_3,240329_3,,240329_3,240329_3,,APOE22,male,Sedentary,Control,31.0,9/2/2022,3/29/2024,19.13333333,19.0,1.594444444,,,,,,,,,,,,,,0.0,,,,,Femur,RNA & Proteomic study,,,,,,,,,,,,,,
240329_4,240329_4,,240329_4,240329_4,,APOE22,male,Sedentary,Control,31.0,9/2/2022,3/29/2024,19.13333333,19.0,1.594444444,,,,,,,,,,,,,,0.0,,,,,Femur,RNA & Proteomic study,,,,,,,,,,,,,,
240402_1,240402_1,,240402_1,240402_1,,APOE22,female,Sedentary,Control,31.0,7/20/2022,4/2/2024,20.73333333,20.0,1.727777778,,,,,,,,,,,,,,0.0,,,,,,RNA & Proteomic study,,,,,,,,,,,,,,
240402_2,240402_2,,240402_2,240402_2,,APOE22,female,Sedentary,Control,27.0,9/2/2022,4/2/2024,19.26666667,21.0,1.605555556,,,,,,,,,,,,,,0.0,,,,,,RNA & Proteomic study,,,,,,,,,,,,,,
240402_3,240402_3,,240402_3,240402_3,,APOE22,female,Sedentary,Control,26.0,9/2/2022,4/2/2024,19.26666667,22.0,1.605555556,,,,,,,,,,,,,,0.0,,,,,,RNA & Proteomic study,,,,,,,,,,,,,,
240403_2,240403_2,,240403_2,240403_2,,APOE33,male,Sedentary,Control,31.0,5/9/2022,4/4/2024,23.2,24.0,1.933333333,,,,,,,,,,,,,,0.0,,,,,Femur,RNA & Proteomic study,,,,,,,,,,,,,,
240403_3,240403_3,,240403_3,240403_3,,APOE33,female,Sedentary,Control,33.0,3/8/2022,4/4/2024,25.26666667,25.0,2.105555556,,,,,,,,,,,,,,0.0,,,,,Femur,RNA & Proteomic study,,,,,,,,,,,,,,
240617_2,240617_2,,240617_2,240617_2,,KO,male,Sedentary,Control,30.0,3/8/2022,6/17/2024,27.73333333,,2.311111111,,,,,,,,,,,,,,0.0,,,230314-3,,,Cerebral Microvasculature test,,,,,,,,,,,,,,
240617_1,240617_1,,240617_1,240617_1,,APOE44,male,Sedentary,Control,33.0,1/9/2023,6/17/2024,17.5,,1.458333333,,,,,,,,,,,,,,0.0,,,,,Femur,Cerebral Microvasculature test,,,,,,,,,,,,,,
240617_3,240617_3,,240617_3,240617_3,,KO,female,Sedentary,Control,24.0,6/10/2022,7/9/2024,25.33333333,,2.111111111,,,,,,,,,,,,,,0.0,,,231213-1,,,Cerebral Microvasculature test,,,,,,,,,,,,,,
240618_1,240618_1,,240618_1,240618_1,,APOE44HN,male,Sedentary,Control,35.0,10/25/2022,6/18/2024,20.06666667,,1.672222222,,,,,,,,,,,,,,0.0,,,,,Femur,RNA & Proteomic study,,,,,,,,,,,,,,
240618_2,240618_2,,240618_2,240618_2,,APOE44HN,male,Sedentary,Control,28.0,10/25/2022,6/18/2024,20.06666667,,1.672222222,,,,,,,,,,,,,,0.0,,,,,Femur,RNA & Proteomic study,,,,,,,,,,,,,,
240701_1,240701_1,,240701_1,240701_1,,APOE22,male,Sedentary,Control,30.0,5/5/2022,7/1/2024,26.26666667,,2.188888889,,,,,,,,,,,,,,0.0,,,,,Femur,RNA & Proteomic study,,,,,,,,,,,,,,
240701_2,240701_2,,240701_2,240701_2,,APOE22,female,Sedentary,Control,28.0,5/26/2022,7/1/2024,25.56666667,,2.130555556,,,,,,,,,,,,,,0.0,,,,,,RNA & Proteomic study,,,,,,,,,,,,,,
240709_1,240709_1,,240709_1,240709_1,,APOE22,male,Sedentary,HFD,48.0,11/14/2022,7/9/2024,20.1,,1.675,,,,,,,,,,,,,,0.0,,,,,Femur,RNA & Proteomic study,,,,,,,,,,,,,,
240709_2,240709_2,,240709_2,240709_2,,APOE22,male,Sedentary,HFD,50.0,11/14/2022,7/9/2024,20.1,,1.675,,,,,,,,,,,,,,0.0,,,,,Femur,RNA & Proteomic study,,,,,,,,,,,,,,
240709_3,240709_3,,240709_3,240709_3,,APOE22,male,Sedentary,HFD,42.0,11/14/2022,7/9/2024,20.1,,1.675,,,,,,,,,,,,,,0.0,,,,,Femur,RNA & Proteomic study,,,,,,,,,,,,,,
240709_4,240709_4,,240709_4,240709_4,,APOE22,male,Sedentary,HFD,46.0,11/14/2022,7/9/2024,20.1,,1.675,,,,,,,,,,,,,,0.0,,,,,Femur,RNA & Proteomic study,,,,,,,,,,,,,,
240710_1,240710_1,,240710_1,240710_1,,APOE44,male,Sedentary,HFD,42.0,9/18/2022,7/10/2024,22.03333333,,1.836111111,,,,,,,,,,,,,,0.0,,,,,Femur,RNA & Proteomic study,,,,,,,,,,,,,,
240710_2,240710_2,,240710_2,240710_2,,APOE44,male,Sedentary,HFD,56.0,9/18/2022,7/10/2024,22.03333333,,1.836111111,,,,,,,,,,,,,,0.0,,,,,Femur,RNA & Proteomic study,,,,,,,,,,,,,,
240710_3,240710_3,,240710_3,240710_3,,APOE44,male,Sedentary,HFD,52.0,9/18/2022,7/10/2024,22.03333333,,1.836111111,,,,,,,,,,,,,,0.0,,,,,Femur,RNA & Proteomic study,,,,,,,,,,,,,,
240716_1,240716_1,,240716_1,240716_1,,APOE22,female,Sedentary,HFD,41.0,10/10/2022,7/16/2024,21.5,,1.791666667,,,,,,,,,,,,,,0.0,,,,,Femur,RNA & Proteomic study,,,,,,,,,,,,,,
240716_2,240716_2,,240716_2,240716_2,,APOE22,female,Sedentary,HFD,21.0,10/10/2022,7/16/2024,21.5,,1.791666667,,,,,,,,,,,,,,0.0,,,,,Femur,RNA & Proteomic study,,,,,,,,,,,,,,
240716_3,240716_3,,240716_3,240716_3,,APOE22,female,Sedentary,HFD,46.0,10/10/2022,7/16/2024,21.5,,1.791666667,,,,,,,,,,,,,,0.0,,,,,Femur,RNA & Proteomic study,,,,,,,,,,,,,,
240716_4,240716_4,,240716_4,240716_4,,APOE22,female,Sedentary,HFD,66.0,10/10/2022,7/16/2024,21.5,,1.791666667,,,,,,,,,,,,,,0.0,,,,,Femur,RNA & Proteomic study,,,,,,,,,,,,,,
240716_5,240716_5,,240716_5,240716_5,,APOE22,female,Sedentary,HFD,53.0,10/10/2022,7/16/2024,21.5,,1.791666667,,,,,,,,,,,,,,0.0,,,,,Femur,RNA & Proteomic study,,,,,,,,,,,,,,
240722_1,240722_1,,240722_1,240722_1,,APOE22,male,Sedentary,Control,37.0,11/29/2022,7/22/2024,20.03333333,,1.669444444,,,,,,,,,,,,,,0.0,,,,,,Cerebral Microvasculature test,,,,,,,,,,,,,,
240722_2,240722_2,,240722_2,240722_2,,APOE22,male,Sedentary,Control,34.0,11/29/2022,7/22/2024,20.03333333,,1.669444444,,,,,,,,,,,,,,0.0,,,,,,Cerebral Microvasculature test,,,,,,,,,,,,,,
,,,250530_1,,,APOE22HN,male,Sedentary,HFD+GLP1,37.0,12/5/2024,,15.87,,,,,,B26010800,,,,,,,,,,,,,,,,,,,1725977.0,10/1/2025,12/1/2025,11.87,15.87,0.580555556,209.0,6.966666667,L,HFD&GLP_1,,
,,,250530_2,,,APOE22HN,male,Sedentary,HFD+GLP1,44.0,12/5/2024,,15.87,,,,,,B26010801,,,,,,,,,,,,,,,,,,,1725977.0,10/1/2025,12/1/2025,11.87,15.87,0.580555556,209.0,6.966666667,R,HFD&GLP_1,,
,,,250530_3,,,APOE22HN,male,Sedentary,HFD+GLP1,42.0,1/22/2025,,14.3,,,,,,B26010802,,,,,,,,,,,,,,,,,,,1725971.0,10/1/2025,12/1/2025,10.3,14.3,0.447222222,161.0,5.366666667,L,HFD&GLP_1,,
,,,250530_4,,,APOE22HN,male,Sedentary,HFD+GLP1,47.0,1/22/2025,,14.3,,,,,,B26010803,,,,,,,,,,,,,,,,,,,1725971.0,10/1/2025,12/1/2025,10.3,14.3,0.447222222,161.0,5.366666667,R,HFD&GLP_1,,
,,,250530_5,,,APOE22HN,male,Sedentary,HFD+GLP1,52.0,1/22/2025,,14.3,,,,,,B26010804,,,,,,,,,,,,,,,,,,,1725971.0,10/1/2025,12/1/2025,10.3,14.3,0.447222222,161.0,5.366666667,LR,HFD&GLP_1,,
,,,250530_6,,,APOE22HN,male,Sedentary,HFD+GLP1,44.0,1/22/2025,,14.3,,,,,,B26010805,,,,,,,,,,,,,,,,,,,1725971.0,10/1/2025,12/1/2025,10.3,14.3,0.447222222,161.0,5.366666667,LL,HFD&GLP_1,,
,,,250530_6,,,APOE22HN,male,Sedentary,HFD+GLP1,44.0,1/22/2025,,14.3,,,,,,B26010806,,,,,,,,,,,,,,,,,,,1725971.0,10/1/2025,12/1/2025,10.3,14.3,0.447222222,161.0,5.366666667,LL,HFD&GLP_1,,
,,,250530_6,,,APOE22HN,male,Sedentary,HFD+GLP1,44.0,1/22/2025,,14.3,,,,,,B26010807,,,,,,,,,,,,,,,,,,,1725971.0,10/1/2025,12/1/2025,10.3,14.3,0.447222222,161.0,5.366666667,LL,HFD&GLP_1,,
,,,250530_8,,,APOE22HN,female,Sedentary,HFD+GLP1,31.0,12/5/2024,,15.87,,,,,,B26010600,,,,,,,,,,,,,,,,,,,1725970.0,10/1/2025,12/1/2025,11.87,15.87,0.580555556,209.0,6.966666667,R,HFD&GLP_1,,
,,,250530_9,,,APOE22HN,female,Sedentary,HFD+GLP1,38.0,12/5/2024,,15.87,,,,,,B26010601,,,,,,,,,,,,,,,,,,,1725970.0,10/1/2025,12/1/2025,11.87,15.87,0.580555556,209.0,6.966666667,LR,HFD&GLP_1,,
,,,250530_9,,,APOE22HN,female,Sedentary,HFD+GLP1,38.0,12/5/2024,,15.87,,,,,,B26010602,,,,,,,,,,,,,,,,,,,1725970.0,10/1/2025,12/1/2025,11.87,15.87,0.580555556,209.0,6.966666667,LR,HFD&GLP_1,,
,,,250530_10,,,APOE22HN,female,Sedentary,HFD+GLP1,29.0,1/22/2025,,14.3,,,,,,,,,,,,,,,,,,,,,,,,,1725970.0,10/1/2025,12/1/2025,10.3,14.3,0.447222222,161.0,5.366666667,RR,HFD&GLP_1,,
,,,250530_11,,,APOE33HN,male,Sedentary,HFD+GLP1,34.0,12/9/2024,,15.73,,,,,,B25123008,,,,,,,,,,,,,,,,,,,1725974.0,10/1/2025,12/1/2025,11.73,15.73,0.569444444,205.0,6.833333333,L,HFD&GLP_1,,
,,,250530_12,,,APOE33HN,male,Sedentary,HFD+GLP1,35.0,12/9/2024,,15.73,,,,,,B25123009,,,,,,,,,,,,,,,,,,,1725974.0,10/1/2025,12/1/2025,11.73,15.73,0.569444444,205.0,6.833333333,R,HFD&GLP_1,,
,,,250530_13,,,APOE33HN,male,Sedentary,HFD+GLP1,35.0,1/21/2025,,14.33,,,,,,,,,,,,,,,,,,,,,,,,,1725968.0,10/1/2025,12/1/2025,10.33,14.33,0.45,162.0,5.4,L,HFD&GLP_1,,
,,,250530_14,,,APOE33HN,male,Sedentary,HFD+GLP1,34.0,1/21/2025,,14.33,,,,,,B2601065,,,,,,,,,,,,,,,,,,,1725968.0,10/1/2025,12/1/2025,10.33,14.33,0.45,162.0,5.4,R,HFD&GLP_1,,
,,,250530_15,,,APOE33HN,female,Sedentary,HFD+GLP1,33.0,12/9/2024,,15.73,,,,,,B26010604,,,,,,,,,,,,,,,,,,,1725975.0,10/1/2025,12/1/2025,11.73,15.73,0.569444444,205.0,6.833333333,L,HFD&GLP_1,,
,,,250530_16,,,APOE33HN,female,Sedentary,HFD+GLP1,33.0,12/9/2024,,15.73,,,,,,B26010607,,,,,,,,,,,,,,,,,,,1725975.0,10/1/2025,12/1/2025,11.73,15.73,0.569444444,205.0,6.833333333,R,HFD&GLP_1,,
,,,250530_17,,,APOE33HN,female,Sedentary,HFD+GLP1,,12/9/2024,,15.73,,,,,,,,,,,,,,,,,,,,,,,,,1725975.0,10/1/2025,12/1/2025,11.73,15.73,0.569444444,205.0,6.833333333,LR,HFD&GLP_1,,
,,,250530_18,,,APOE33HN,female,Sedentary,HFD+GLP1,39.0,12/9/2024,,15.73,,,,,,B26010608,,,,,,,,,,,,,,,,,,,1725975.0,10/1/2025,12/1/2025,11.73,15.73,0.569444444,205.0,6.833333333,LL,HFD&GLP_1,,
,,,250530_19,,,APOE33HN,female,Sedentary,HFD+GLP1,29.0,1/21/2025,,14.33,,,,,,B26010808,,,,,,,,,,,,,,,,,,,1725969.0,10/1/2025,12/1/2025,10.33,14.33,0.45,162.0,5.4,L,HFD&GLP_1,,
,,,250530_20,,,APOE33HN,female,Sedentary,HFD+GLP1,26.0,1/21/2025,,14.33,,,,,,B26010900,,,,,,,,,,,,,,,,,,,1725969.0,10/1/2025,12/1/2025,10.33,14.33,0.45,162.0,5.4,LR,HFD&GLP_1,,
,,,250530_21,,,APOE33HN,female,Sedentary,HFD+GLP1,24.0,1/21/2025,,14.33,,,,,,,,,,,,,,,,,,,,,,,,,1725969.0,10/1/2025,12/1/2025,10.33,14.33,0.45,162.0,5.4,LL,HFD&GLP_1,,
,,,250530_22,,,APOE33HN,female,Sedentary,HFD+GLP1,30.0,4/1/2025,,12.0,,,,,,B26010902,,,,,,,,,,,,,,,,,,,1725969.0,10/1/2025,12/1/2025,8.0,12.0,0.255555556,92.0,3.066666667,RR,HFD&GLP_1,,
,,,250530_23,,,APOE44HN,male,Sedentary,HFD+GLP1,49.0,9/20/2024,,18.37,,,,,,B25123000,,,,,,,,,,,,,,,,,,,1668533.0,10/1/2025,12/1/2025,14.37,18.37,0.791666667,285.0,9.5,L,HFD&GLP_1,,
,,,250530_25,,,APOE44HN,male,Sedentary,HFD+GLP1,53.0,11/1/2024,,17.0,,,,,,B25123002,,,,,,,,,,,,,,,,,,,1668533.0,10/1/2025,12/1/2025,13.0,17.0,0.675,243.0,8.1,LR,HFD&GLP_1,,
,,,250530_26,,,APOE44HN,male,Sedentary,HFD+GLP1,38.0,11/1/2024,,17.0,,,,,,B25123003,,,,,,,,,,,,,,,,,,,1668533.0,10/1/2025,12/1/2025,13.0,17.0,0.675,243.0,8.1,LL,HFD&GLP_1,,
,,,250530_27,,,APOE44HN,female,Sedentary,HFD+GLP1,39.0,1/6/2025,,14.83,,,,,,B25122902,,,,,,,,,,,,,,,,,,,1725973.0,10/1/2025,12/1/2025,10.83,14.83,0.491666667,177.0,5.9,L,HFD&GLP_1,,
,,,250530_27,,,APOE44HN,female,Sedentary,HFD+GLP1,39.0,1/6/2025,,14.83,,,,,,B25123006,,,,,,,,,,,,,,,,,,,1725973.0,10/1/2025,12/1/2025,10.83,14.83,0.491666667,177.0,5.9,L,HFD&GLP_1,,
,,,250530_28,,,APOE44HN,female,Sedentary,HFD+GLP1,39.0,1/6/2025,,14.83,,,,,,B25122903,,,,,,,,,,,,,,,,,,,1725973.0,10/1/2025,12/1/2025,10.83,14.83,0.491666667,177.0,5.9,R,HFD&GLP_1,,
,,,250530_28,,,APOE44HN,female,Sedentary,HFD+GLP1,39.0,1/6/2025,,14.83,,,,,,B25123007,,,,,,,,,,,,,,,,,,,1725973.0,10/1/2025,12/1/2025,10.83,14.83,0.491666667,177.0,5.9,R,HFD&GLP_1,,
,,,250530_29,,,APOE44HN,female,Sedentary,HFD+GLP1,43.0,1/6/2025,,14.83,,,,,,B25122904,,,,,,,,,,,,,,,,,,,1725973.0,10/1/2025,12/1/2025,10.83,14.83,0.491666667,177.0,5.9,LR,HFD&GLP_1,,
,,,250530_30,,,APOE44HN,female,Sedentary,HFD+GLP1,32.0,1/6/2025,,14.83,,,,,,B25123004,,,,,,,,,,,,,,,,,,,1725973.0,10/1/2025,12/1/2025,10.83,14.83,0.491666667,177.0,5.9,LL,HFD&GLP_1,,
,,,250530_31,,,APOE44HN,female,Sedentary,HFD+GLP1,35.0,1/6/2025,,14.83,,,,,,B25123005,,,,,,,,,,,,,,,,,,,1725973.0,10/1/2025,12/1/2025,10.83,14.83,0.491666667,177.0,5.9,RR,HFD&GLP_1,,
